Word,PMI Value
techshare,8.8468042303
rnib,8.8468042303
neat,8.8468042303
googlemaps,8.8468042303
surveys,8.8468042303
googleautonomouscar,8.58376982446
indeed,8.26184172957
loses,7.98430775405
patents,7.90569791935
hires,7.8468042303
respond,7.8468042303
selfdrivngcar,7.8468042303
googlebike,7.8468042303
solved,7.8468042303
“they,7.8468042303
hinges,7.8468042303
roger,7.8468042303
tight,7.8468042303
mbrainfr,7.8468042303
technica,7.8468042303
monthly,7.8468042303
yields,7.8468042303
russellmanthy,7.8468042303
leo,7.8468042303
identity,7.8468042303
hc_vehicles,7.8468042303
salon,7.8468042303
spots,7.8468042303
theyre,7.8468042303
weirdest,7.8468042303
ve…,7.8468042303
rouge,7.8468042303
googleplex,7.8468042303
starintech,7.8468042303
sales,7.8468042303
it…,7.8468042303
while,7.8468042303
reads,7.8468042303
macmembers,7.8468042303
stuff,7.8468042303
heats,7.8468042303
tapped,7.8468042303
sputtering,7.8468042303
page,7.8468042303
lanctot,7.8468042303
yandexcom,7.8468042303
washington,7.8468042303
pacifica,7.8468042303
service-sensing,7.8468042303
landscape,7.8468042303
wars,7.8468042303
overtakes,7.8468042303
struggle,7.8468042303
intellectual,7.8468042303
guardian,7.8468042303
scenarios,7.8468042303
ottopilot,7.8468042303
loosing,7.8468042303
selfdriven,7.8468042303
search,7.8468042303
larrypage,7.8468042303
veille,7.8468042303
property…,7.8468042303
mountain,7.8468042303
spent,7.8468042303
natsfoty1,7.8468042303
pro…,7.8468042303
larry,7.8468042303
subscription,7.8468042303
urbanmobility,7.8468042303
lagging,7.8468042303
sfbusinesstimes,7.8468042303
unscrewing,7.8468042303
seeks,7.8468042303
thorpesi,7.8468042303
sthlmtech,7.8468042303
suggest,7.8468042303
stuck,7.8468042303
tougher,7.8468042303
weird,7.8468042303
navigation,7.8468042303
tweak,7.8468042303
uspto,7.8468042303
lawmakers,7.8468042303
sfgate,7.8468042303
health,7.8468042303
sthl…,7.8468042303
tay,7.8468042303
van,7.8468042303
news…,7.8468042303
rivals,7.78267389288
police,7.70241432096
literally,7.67687922885
losing,7.66623198465
pioneer,7.64035335283
thegooglecar,7.62441180896
leaders,7.58376982446
made,7.48423415091
svbizjournal,7.43176673102
mich.,7.43176673102
woman,7.43176673102
ideal,7.38737261166
mapping,7.37731894699
maps,7.3162895136
happening,7.31075133006
googlecar,7.28831394094
tomorrow,7.26184172957
yahoo,7.26184172957
ndew2016,7.26184172957
legislation,7.26184172957
tries,7.26184172957
reason,7.06919665163
technews,7.06092903565
lol,7.03944930824
to…,7.03944930824
out,6.99880732374
readwrite,6.8468042303
sharekarle,6.8468042303
recent,6.8468042303
projects,6.8468042303
roadsafety,6.8468042303
sdtd,6.8468042303
unless,6.8468042303
impossible,6.8468042303
nuro,6.8468042303
very,6.8468042303
hardware,6.8468042303
selfdriv…,6.8468042303
reboot,6.8468042303
party,6.8468042303
lights,6.8468042303
where,6.8468042303
late,6.8468042303
individual,6.8468042303
trip,6.8468042303
spaces,6.8468042303
romainvigue,6.8468042303
project,6.70930070655
saw,6.70930070655
team,6.64035335283
things,6.58376982446
view,6.5666963111
halt,6.52487613541
meetup,6.52487613541
ongoing,6.52487613541
success,6.52487613541
insights,6.52487613541
left,6.29931643499
survival,6.26184172957
regulators,6.26184172957
lneckermann,6.26184172957
onboard,6.26184172957
trouble,6.26184172957
learned,6.26184172957
partnering,6.26184172957
mail,6.26184172957
leadership,6.26184172957
protect,6.26184172957
hightech,6.26184172957
makers,6.26184172957
whether,6.26184172957
london,6.18383921757
pull,6.10983863613
retweeted,6.03944930824
truly,6.03944930824
insider,5.89260791991
travel,5.8468042303
pretty,5.8468042303
has,5.8468042303
green,5.8468042303
partners,5.8468042303
siliconvalley,5.8468042303
hey,5.67687922885
startups,5.67687922885
replace,5.52487613541
otto,5.52487613541
research,5.52487613541
riding,5.52487613541
liability,5.52487613541
toyota,5.52487613541
picked,5.52487613541
stop,5.52487613541
progress,5.52487613541
poll,5.52487613541
leader,5.52487613541
relationship,5.38737261166
personality,5.26184172957
your,5.26184172957
keep,5.26184172957
review,5.26184172957
who,5.26184172957
meet,5.18383921757
two,5.18383921757
reports,5.03944930824
results,5.03944930824
sees,5.03944930824
releases,5.03944930824
say,5.01672923174
take,4.9959476696
why,4.95927895955
sure,4.8468042303
space,4.8468042303
regular,4.8468042303
others,4.8468042303
key,4.8468042303
there,4.8468042303
our,4.8468042303
patent,4.8170568869
tech,4.70990802924
wants,4.67687922885
talent,4.67687922885
partner,4.67687922885
recode,4.67687922885
michigan,4.59887671685
open,4.52487613541
impact,4.52487613541
off,4.52487613541
thanks,4.52487613541
solutions,4.52487613541
what,4.503396408
vehicle,4.46214038006
with,4.45448680752
race,4.38737261166
shows,4.38737261166
would,4.35495113397
top,4.30248371407
trucks,4.28608927582
mobile,4.26184172957
maybe,4.26184172957
show,4.26184172957
google’s,4.26184172957
interesting,4.22231336539
iot,4.18806380344
rww,4.17437888832
tesla,4.14636451215
seen,4.14636451215
thing,4.14636451215
teslamotors,4.14636451215
reuters,4.14636451215
startup,4.10264313473
world,4.03944930824
hear,4.03944930824
story,4.03944930824
major,3.93991363469
valley,3.93991363469
looks,3.93991363469
want,3.89260791991
still,3.89260791991
silicon,3.8468042303
live,3.8468042303
yet,3.8468042303
pedestrians,3.80241011094
n't,3.80241011094
said,3.75934138905
they,3.67687922885
seems,3.67687922885
robot,3.65697967142
street,3.59887671685
week,3.59887671685
technology,3.55612706939
rolling,3.52487613541
know,3.48925222568
self-driving,3.39885605017
part,3.38737261166
selfdriving,3.3245100204
years,3.26184172957
now,3.23209438618
selfdrivingcars,3.20294804052
russian,3.11888377573
plan,3.03944930824
report,3.03944930824
strategy,3.03944930824
human,2.93991363469
well,2.89260791991
mobility,2.89260791991
plans,2.8468042303
safe,2.8468042303
machinelearning,2.8468042303
here,2.80241011094
wired,2.80241011094
learn,2.80241011094
market,2.80241011094
try,2.75934138905
shuttle,2.73827977352
ready,2.71752121335
next,2.67687922885
vehicles,2.67687922885
innovation,2.66358240624
think,2.63735086467
robotics,2.63735086467
working,2.59887671685
trust,2.56140201143
industry,2.48925222568
the,2.44592479401
news,2.36567754056
use,2.35495113397
watch,2.26184172957
self,1.96416118093
see,1.93991363469
look,1.91606689273
never,1.82443641727
uber,1.73771478622
people,1.7072528779
you,1.40386073445
service,1.37107079933
need,1.35495113397
win,1.32324227424
how,1.18859274754
road,0.927940993021
selfdrivinguber,0.605218243726
like,0.346958343213
cussed,0.0
foul,0.0
pamperedly,0.0
aggression,0.0
rupture,0.0
scold,0.0
originality,0.0
superficially,0.0
outwit,0.0
lorn,0.0
fatcat,0.0
sputter,0.0
immature,0.0
sinking,0.0
slothful,0.0
befoul,0.0
tantalizing,0.0
irksomely,0.0
disturb,0.0
prize,0.0
brutish,0.0
stereotypical,0.0
steadfastness,0.0
non-violent,0.0
inevitably,0.0
mirage,0.0
elegant,0.0
rusty,0.0
valiant,0.0
rusts,0.0
loathing,0.0
haughtily,0.0
errors,0.0
ruthless,0.0
bonuses,0.0
resilient,0.0
succumb,0.0
insinuation,0.0
hero,0.0
jubilantly,0.0
fissures,0.0
shriek,0.0
bullyingly,0.0
doldrums,0.0
revengefully,0.0
uplifting,0.0
unwillingness,0.0
unfriendly,0.0
controversy,0.0
unwanted,0.0
spotty,0.0
criticism,0.0
golden,0.0
mawkishness,0.0
stern,0.0
scarier,0.0
cheating,0.0
catchy,0.0
best-selling,0.0
impartiality,0.0
exhort,0.0
glimmering,0.0
cannibal,0.0
strike,0.0
perilously,0.0
holy,0.0
successful,0.0
mesmerize,0.0
hurt,0.0
exuberantly,0.0
exhorbitant,0.0
irksome,0.0
famed,0.0
accomplishment,0.0
invaluablely,0.0
wane,0.0
unjust,0.0
vehemently,0.0
diappointed,0.0
malign,0.0
dishearteningly,0.0
reprove,0.0
preferably,0.0
complaining,0.0
damage,0.0
hot,0.0
vociferous,0.0
preferable,0.0
shirker,0.0
dignified,0.0
fanaticism,0.0
beauty,0.0
despondent,0.0
modest,0.0
unselfish,0.0
extortion,0.0
rejoicingly,0.0
effective,0.0
scourge,0.0
wins,0.0
revolt,0.0
fictional,0.0
sickening,0.0
unlawfully,0.0
restriction,0.0
soothingly,0.0
fidelity,0.0
wrought,0.0
admirably,0.0
wickedly,0.0
unforeseen,0.0
fib,0.0
insubstantial,0.0
admirable,0.0
easier,0.0
undercut,0.0
glorify,0.0
grievous,0.0
ached,0.0
enrich,0.0
top-quality,0.0
renunciation,0.0
aspersions,0.0
interrupt,0.0
ebullient,0.0
merrily,0.0
dumps,0.0
spotless,0.0
averse,0.0
addicted,0.0
ill-used,0.0
ameliorate,0.0
coupists,0.0
misfortune,0.0
touts,0.0
indiscretion,0.0
encourage,0.0
outburst,0.0
tingling,0.0
; Notes: ,0.0
fugitive,0.0
obstructing,0.0
cornerstone,0.0
counter-attacks,0.0
undisputably,0.0
sickeningly,0.0
rumple,0.0
disturbed,0.0
speedy,0.0
tempting,0.0
ineffectively,0.0
mendacity,0.0
undisputable,0.0
relentlessness,0.0
downheartedly,0.0
angelic,0.0
playfully,0.0
"; If you use this list, please cite one of the following two papers:",0.0
clamorous,0.0
screw-up,0.0
clarity,0.0
declaim,0.0
traumatize,0.0
tired,0.0
outstandingly,0.0
ambiguous,0.0
master,0.0
incognizant,0.0
bitter,0.0
shambles,0.0
collapse,0.0
enthrall,0.0
wisdom,0.0
positively,0.0
peril,0.0
exultation,0.0
coward,0.0
idle,0.0
acclaim,0.0
willingness,0.0
loathsome,0.0
antagonistic,0.0
wholesome,0.0
uncouth,0.0
gripe,0.0
eagerly,0.0
recommended,0.0
amusing,0.0
responsibly,0.0
worthlessness,0.0
imprudent,0.0
disdainfully,0.0
thrilled,0.0
object,0.0
vexing,0.0
simplify,0.0
affirmation,0.0
addict,0.0
reverence,0.0
conceded,0.0
fluster,0.0
drought,0.0
morality,0.0
regreted,0.0
wreck,0.0
nettle,0.0
disaffect,0.0
consummate,0.0
detriment,0.0
scream,0.0
incomplete,0.0
marvel,0.0
prik,0.0
bomb,0.0
heckles,0.0
undue,0.0
lethal,0.0
heckled,0.0
cheaply,0.0
die-hard,0.0
dawn,0.0
quaint,0.0
decry,0.0
bust,0.0
bliss,0.0
rich,0.0
heartily,0.0
emphatically,0.0
irritably,0.0
denounce,0.0
foremost,0.0
tenaciously,0.0
relish,0.0
unfortunately,0.0
spilling,0.0
nicely,0.0
altruistically,0.0
unrelentingly,0.0
stunningly,0.0
dismissively,0.0
disaster,0.0
fair,0.0
gallingly,0.0
over-valuation,0.0
unexpectedly,0.0
fail,0.0
well-educated,0.0
best,0.0
solicitude,0.0
irk,0.0
scorn,0.0
ire,0.0
skimpy,0.0
indecisive,0.0
smelled,0.0
inextricable,0.0
inextricably,0.0
unseemly,0.0
defiance,0.0
downgrade,0.0
dexterously,0.0
debt,0.0
pity,0.0
violators,0.0
disdain,0.0
fallacious,0.0
incense,0.0
ruthlessly,0.0
dents,0.0
fearlessly,0.0
obscenity,0.0
mortified,0.0
irresponsible,0.0
matte,0.0
irresponsibly,0.0
humming,0.0
penalize,0.0
tin-y,0.0
bewilder,0.0
disgracefully,0.0
bothers,0.0
bedlamite,0.0
privilege,0.0
assult,0.0
adroitly,0.0
incompetent,0.0
obese,0.0
recomend,0.0
irragularity,0.0
pandering,0.0
dote,0.0
doubts,0.0
worked,0.0
haters,0.0
cunt,0.0
chill,0.0
gritty,0.0
congratulation,0.0
manipulators,0.0
taunts,0.0
upscale,0.0
smoothest,0.0
fractiously,0.0
trusted,0.0
damaged,0.0
severity,0.0
spews,0.0
haphazard,0.0
drop-out,0.0
harmony,0.0
emphatic,0.0
fairly,0.0
effortlessly,0.0
ill-usage,0.0
tops,0.0
dexterous,0.0
haggard,0.0
stupendous,0.0
askance,0.0
detracted,0.0
fanatically,0.0
subpoena,0.0
abound,0.0
forsaken,0.0
beset,0.0
ungovernable,0.0
plight,0.0
succeeding,0.0
ease,0.0
easy,0.0
prison,0.0
falter,0.0
irretrievable,0.0
disagreement,0.0
inaptitude,0.0
firmer,0.0
unequivocally,0.0
harmoniously,0.0
excitedness,0.0
bonkers,0.0
effusion,0.0
beneficial,0.0
right,0.0
macabre,0.0
harassment,0.0
creep,0.0
enemies,0.0
inhuman,0.0
creative,0.0
witty,0.0
foe,0.0
polluter,0.0
defensive,0.0
memorable,0.0
hardliners,0.0
restlessness,0.0
scandels,0.0
lackey,0.0
grievously,0.0
anomalous,0.0
fat-cat,0.0
over-balanced,0.0
despair,0.0
insecurity,0.0
lacked,0.0
meddle,0.0
sob,0.0
deploringly,0.0
infraction,0.0
respectable,0.0
despised,0.0
frazzled,0.0
suffice,0.0
raped,0.0
unwell,0.0
hothead,0.0
greatness,0.0
happy,0.0
insurrection,0.0
fascination,0.0
gripes,0.0
shrilly,0.0
talents,0.0
understandable,0.0
straggle,0.0
handily,0.0
misinform,0.0
break-up,0.0
nicest,0.0
torturing,0.0
calumniation,0.0
discountenance,0.0
disgrace,0.0
unnerve,0.0
proven,0.0
crumble,0.0
soothe,0.0
proves,0.0
protested,0.0
leer,0.0
heartbreakingly,0.0
detracts,0.0
desecrate,0.0
amicable,0.0
ambitious,0.0
smell,0.0
mudslinger,0.0
disastrously,0.0
exagerate,0.0
geezer,0.0
paralize,0.0
comely,0.0
smelling,0.0
entrust,0.0
congested,0.0
expropriate,0.0
quandary,0.0
subvert,0.0
wripped,0.0
irrecoverably,0.0
disrespectable,0.0
avalanche,0.0
shimmy,0.0
jarring,0.0
irrecoverable,0.0
uneven,0.0
obsessively,0.0
indolent,0.0
vex,0.0
oversight,0.0
persevere,0.0
jerk,0.0
navigable,0.0
cataclysmic,0.0
gloomy,0.0
rapturous,0.0
fatigued,0.0
engrossing,0.0
scaly,0.0
uncomfy,0.0
aggrivation,0.0
spiritual,0.0
insignificant,0.0
adulation,0.0
patient,0.0
kindliness,0.0
backwood,0.0
cleanliness,0.0
jeopardy,0.0
celebrated,0.0
hairloss,0.0
freaks,0.0
falling,0.0
boost,0.0
irresolvable,0.0
abscond,0.0
dwindling,0.0
momentous,0.0
molestation,0.0
shamelessness,0.0
redemption,0.0
restrictive,0.0
dusty,0.0
accomplished,0.0
ineffective,0.0
ill-fated,0.0
reclaim,0.0
love,0.0
prefer,0.0
logical,0.0
bloody,0.0
marvelous,0.0
betraying,0.0
ironical,0.0
fake,0.0
flagging,0.0
flareup,0.0
positive,0.0
angry,0.0
cherished,0.0
un-viewable,0.0
loving,0.0
scratched,0.0
afford,0.0
ignorant,0.0
virtue,0.0
scratches,0.0
degenerately,0.0
unnatural,0.0
overloaded,0.0
fatalistic,0.0
instable,0.0
impasse,0.0
harmonious,0.0
toll-free,0.0
awesome,0.0
intransigent,0.0
admirer,0.0
stole,0.0
calumnious,0.0
vainly,0.0
convienient,0.0
unforgettable,0.0
quarrellously,0.0
convincingly,0.0
improving,0.0
suck,0.0
filthy,0.0
shockingly,0.0
brainless,0.0
egotistical,0.0
disagreeable,0.0
stress,0.0
opinionated,0.0
darkened,0.0
swollen,0.0
dreamland,0.0
disagreeably,0.0
drunken,0.0
innocuous,0.0
noteworthy,0.0
unacceptable,0.0
unacceptably,0.0
horrify,0.0
thoughtfulness,0.0
avid,0.0
sarcastically,0.0
haughty,0.0
lackluster,0.0
cleanest,0.0
troubles,0.0
stupidity,0.0
disconcertingly,0.0
attraction,0.0
suspicion,0.0
revulsion,0.0
antipathy,0.0
oversize,0.0
troubled,0.0
instantly,0.0
smarter,0.0
illogically,0.0
bashful,0.0
courageously,0.0
revert,0.0
instability,0.0
revere,0.0
raptureously,0.0
edify,0.0
peacekeepers,0.0
topnotch,0.0
breakthrough,0.0
prudently,0.0
giddy,0.0
astray,0.0
boundless,0.0
trauma,0.0
mistified,0.0
cooperatively,0.0
worthiness,0.0
siege,0.0
preferes,0.0
vicious,0.0
disrespect,0.0
disintegrates,0.0
bumps,0.0
lucrative,0.0
matchless,0.0
plea,0.0
bumpy,0.0
dissonant,0.0
scarred,0.0
prefered,0.0
heroize,0.0
imposers,0.0
gaff,0.0
downsides,0.0
impure,0.0
quibble,0.0
bothersome,0.0
neglect,0.0
puny,0.0
top-heavy,0.0
punishable,0.0
anti-,0.0
languish,0.0
wrath,0.0
ill-favored,0.0
shiver,0.0
oversimplified,0.0
proving,0.0
ridiculous,0.0
err-free,0.0
fooled,0.0
impractical,0.0
heavyhearted,0.0
rival,0.0
stammer,0.0
individualized,0.0
damned,0.0
proactive,0.0
disasterous,0.0
illness,0.0
nicer,0.0
sumptuous,0.0
sag,0.0
sad,0.0
prestigious,0.0
lurking,0.0
bewilderingly,0.0
sap,0.0
dismissive,0.0
perplex,0.0
fashionable,0.0
destroy,0.0
hedonistic,0.0
blinding,0.0
pimple,0.0
ironically,0.0
time-honored,0.0
spewing,0.0
energize,0.0
touchy,0.0
blockhead,0.0
defeating,0.0
jitters,0.0
guiltily,0.0
jittery,0.0
hestitant,0.0
intoxicate,0.0
unassailable,0.0
infuriate,0.0
straggler,0.0
merit,0.0
bright,0.0
inconsistent,0.0
scarce,0.0
aggressive,0.0
calumnies,0.0
slow,0.0
unkind,0.0
liberation,0.0
slog,0.0
outrage,0.0
dispute,0.0
godlike,0.0
graceless,0.0
infallibly,0.0
revolutionized,0.0
freezing,0.0
simplistic,0.0
infallible,0.0
revolutionizes,0.0
maniacal,0.0
unviewable,0.0
keenly,0.0
absurdly,0.0
worried,0.0
liable,0.0
worries,0.0
worrier,0.0
disparage,0.0
downfallen,0.0
ghastly,0.0
enthralled,0.0
noisier,0.0
audaciously,0.0
gangster,0.0
inequalities,0.0
alarming,0.0
rail,0.0
refreshed,0.0
mope,0.0
enjoys,0.0
forsake,0.0
pitiless,0.0
inappropriately,0.0
checkered,0.0
useful,0.0
gratefully,0.0
jovial,0.0
awards,0.0
menacing,0.0
undermine,0.0
quack,0.0
farcical,0.0
self-serving,0.0
ineptly,0.0
belie,0.0
calumniate,0.0
panick,0.0
extravagantly,0.0
gaiety,0.0
concede,0.0
needlessly,0.0
diatribe,0.0
vomits,0.0
dropouts,0.0
profane,0.0
prominence,0.0
straighten,0.0
flicering,0.0
stupidest,0.0
twists,0.0
reviled,0.0
dubious,0.0
bleakly,0.0
blah,0.0
blab,0.0
fame,0.0
debilitating,0.0
mobster,0.0
underestimate,0.0
war-like,0.0
breakdown,0.0
maturely,0.0
infuriatingly,0.0
deft,0.0
defy,0.0
domineering,0.0
entanglement,0.0
cheery,0.0
awesomeness,0.0
undefined,0.0
idiotically,0.0
staunchness,0.0
exceled,0.0
grumpy,0.0
convient,0.0
morons,0.0
disconcert,0.0
shamefully,0.0
fateful,0.0
futilely,0.0
inaudible,0.0
provocation,0.0
deceiving,0.0
occluded,0.0
aborts,0.0
joyful,0.0
dark,0.0
snarl,0.0
snare,0.0
irreplaceable,0.0
bravery,0.0
sensational,0.0
occludes,0.0
stranger,0.0
expunge,0.0
undermining,0.0
intolerablely,0.0
superiority,0.0
cravenly,0.0
obstruct,0.0
satisfactory,0.0
debilitate,0.0
asperse,0.0
demeaning,0.0
divine,0.0
wrongly,0.0
excelent,0.0
scandals,0.0
beckons,0.0
corrosive,0.0
unsuccessfully,0.0
biased,0.0
squabble,0.0
zest,0.0
intimate,0.0
poise,0.0
imminence,0.0
forgetfulness,0.0
audaciousness,0.0
; ,0.0
biases,0.0
exasperating,0.0
damnable,0.0
joyfully,0.0
favorite,0.0
masterpieces,0.0
nastily,0.0
foulness,0.0
perturbed,0.0
chivalry,0.0
utterly,0.0
burning,0.0
flawed,0.0
rectification,0.0
inculcate,0.0
lively,0.0
deceivers,0.0
desert,0.0
mindless,0.0
futile,0.0
fastidious,0.0
irrationals,0.0
elimination,0.0
impedance,0.0
handsome,0.0
abused,0.0
darken,0.0
rage,0.0
flirt,0.0
dirty,0.0
abuses,0.0
flatteringly,0.0
rust,0.0
darker,0.0
brotherly,0.0
invigorating,0.0
exhausted,0.0
stealing,0.0
ax,0.0
tranquil,0.0
admiring,0.0
principled,0.0
ideally,0.0
abolish,0.0
unparalleled,0.0
friggin,0.0
incomprehensible,0.0
disgraceful,0.0
refunded,0.0
a+,0.0
damnably,0.0
dented,0.0
anti-white,0.0
midget,0.0
imminently,0.0
misleadingly,0.0
disdained,0.0
snagged,0.0
indiscriminating,0.0
judders,0.0
enrichment,0.0
fraudulent,0.0
beware,0.0
importune,0.0
fairness,0.0
improperly,0.0
smile,0.0
degeneration,0.0
puzzled,0.0
discrepant,0.0
irksomeness,0.0
manageable,0.0
marvellous,0.0
ingratitude,0.0
insufficiently,0.0
dodgey,0.0
desertion,0.0
sane,0.0
senselessly,0.0
quicker,0.0
dizzingly,0.0
lechery,0.0
destitute,0.0
trick,0.0
bumpping,0.0
poisonous,0.0
undecided,0.0
empower,0.0
replaceable,0.0
indecision,0.0
vomiting,0.0
smartest,0.0
buzzing,0.0
outdone,0.0
mudslinging,0.0
examplary,0.0
brutal,0.0
skepticism,0.0
sweetness,0.0
calumniously,0.0
unsatisfactory,0.0
traumatized,0.0
excellently,0.0
decrement,0.0
coercion,0.0
entrap,0.0
enliven,0.0
gorgeous,0.0
spoils,0.0
one-sided,0.0
spoon-fed,0.0
objections,0.0
doom,0.0
negativity,0.0
disquietude,0.0
long-winded,0.0
scramble,0.0
beautiful,0.0
prompt,0.0
life-threatening,0.0
overstates,0.0
dislikes,0.0
unbiased,0.0
disliked,0.0
condemn,0.0
dazzle,0.0
disconsolate,0.0
glowing,0.0
cajole,0.0
wiles,0.0
perversely,0.0
lanky,0.0
disgraced,0.0
second-tier,0.0
unsound,0.0
authentic,0.0
flutter,0.0
misapprehend,0.0
malevolent,0.0
debility,0.0
predatory,0.0
impermissible,0.0
slime,0.0
helplessly,0.0
enraged,0.0
incessantly,0.0
peppy,0.0
distortion,0.0
naughty,0.0
sugarcoated,0.0
smiling,0.0
irreformable,0.0
zippy,0.0
tantalizingly,0.0
blurring,0.0
symptoms,0.0
plotters,0.0
ruining,0.0
nifty,0.0
backache,0.0
snobs,0.0
motley,0.0
sucker,0.0
imperil,0.0
misuse,0.0
harrow,0.0
mesmerizing,0.0
reticent,0.0
eloquence,0.0
warped,0.0
aggrieved,0.0
shocking,0.0
disorganized,0.0
noble,0.0
resolute,0.0
exorbitant,0.0
racy,0.0
repressive,0.0
anxious,0.0
missed,0.0
ftw,0.0
mockery,0.0
expulse,0.0
misses,0.0
darling,0.0
impudence,0.0
salute,0.0
nervously,0.0
bungler,0.0
bedlam,0.0
paucity,0.0
qualify,0.0
clique,0.0
weed,0.0
reproach,0.0
bumped,0.0
sicken,0.0
sensations,0.0
god-awful,0.0
belligerent,0.0
brutally,0.0
unusably,0.0
glitter,0.0
unexplained,0.0
peaceable,0.0
leverage,0.0
swipe,0.0
threatening,0.0
hallowed,0.0
flimsy,0.0
zealot,0.0
saint,0.0
aver,0.0
justly,0.0
warmly,0.0
discombobulate,0.0
depressingly,0.0
stifle,0.0
rampant,0.0
grace,0.0
ungrateful,0.0
annihilation,0.0
abysmally,0.0
overtaxed,0.0
defect,0.0
servitude,0.0
tarnish,0.0
jeopardize,0.0
commotion,0.0
freakishly,0.0
frail,0.0
hardy,0.0
yawn,0.0
virus,0.0
reward,0.0
unequal,0.0
barren,0.0
deceitfulness,0.0
scuffs,0.0
dragged,0.0
despise,0.0
ugh,0.0
gold,0.0
exterminate,0.0
agonize,0.0
aghast,0.0
indecorum,0.0
clog,0.0
defender,0.0
overwhelmed,0.0
ho-hum,0.0
failed,0.0
unjustly,0.0
snobbish,0.0
indifference,0.0
scuff,0.0
resent,0.0
remedy,0.0
farcical-yet-provocative,0.0
charmingly,0.0
frightening,0.0
distraction,0.0
enemy,0.0
progressive,0.0
scars,0.0
cry,0.0
tanked,0.0
terrifically,0.0
obscure,0.0
outlaw,0.0
eyecatching,0.0
insane,0.0
disparagingly,0.0
troublingly,0.0
overwhelm,0.0
grumpiest,0.0
sneeringly,0.0
ill-treatment,0.0
insidiously,0.0
unsettling,0.0
worth-while,0.0
rejecting,0.0
smuttier,0.0
viciousness,0.0
thrive,0.0
available,0.0
hardship,0.0
unprove,0.0
fidgety,0.0
disallow,0.0
untouched,0.0
renewed,0.0
smoldering,0.0
improved,0.0
influential,0.0
offending,0.0
harpy,0.0
improves,0.0
scams,0.0
retarded,0.0
disgustfully,0.0
approve,0.0
shortsighted,0.0
majesty,0.0
drunk,0.0
bullshyt,0.0
far-fetched,0.0
self-coup,0.0
worthless,0.0
devil,0.0
filth,0.0
irritating,0.0
extravagant,0.0
sweetheart,0.0
champion,0.0
bitchy,0.0
adaptable,0.0
struck,0.0
inclement,0.0
uncertain,0.0
reliable,0.0
admire,0.0
spitefulness,0.0
reliably,0.0
error,0.0
beautifully,0.0
frown,0.0
funny,0.0
radicalization,0.0
fallacies,0.0
reachable,0.0
ugliness,0.0
mortifying,0.0
displeased,0.0
comprehensive,0.0
jealously,0.0
rabid,0.0
fabrication,0.0
infamous,0.0
anti-israeli,0.0
oddest,0.0
picky,0.0
meddlesome,0.0
discourteously,0.0
detract,0.0
glitz,0.0
belabor,0.0
rumbling,0.0
panicked,0.0
nefariously,0.0
dastard,0.0
danke,0.0
eager,0.0
snappy,0.0
defiantly,0.0
emergency,0.0
suffering,0.0
cataclysm,0.0
hallucinate,0.0
cuteness,0.0
sugar-coat,0.0
stylish,0.0
disorder,0.0
amicably,0.0
irresistibly,0.0
depravedly,0.0
unfazed,0.0
felonious,0.0
mighty,0.0
hard-line,0.0
oddly,0.0
pale,0.0
indigent,0.0
irresistible,0.0
novelty,0.0
benefit,0.0
twinkly,0.0
two-faced,0.0
crooks,0.0
odor,0.0
obscures,0.0
underlings,0.0
respite,0.0
two-faces,0.0
bs,0.0
obscured,0.0
discontented,0.0
wrinkles,0.0
ambush,0.0
wrinkled,0.0
irked,0.0
garbage,0.0
prideful,0.0
disturbingly,0.0
integral,0.0
obstructed,0.0
appropriate,0.0
unnerving,0.0
criticisms,0.0
traduce,0.0
sneaky,0.0
glowingly,0.0
nauseates,0.0
chide,0.0
addicting,0.0
inconsistency,0.0
mishandle,0.0
rhetorical,0.0
fragmented,0.0
insensitivity,0.0
impudent,0.0
byzantine,0.0
graciously,0.0
relaxed,0.0
brazenness,0.0
slump,0.0
well-regarded,0.0
archaic,0.0
harangue,0.0
inhumane,0.0
maturity,0.0
slander,0.0
mature,0.0
retaliatory,0.0
awestruck,0.0
genial,0.0
reconcile,0.0
oddity,0.0
raging,0.0
unsafe,0.0
haunt,0.0
eye-catching,0.0
graceful,0.0
troublemaker,0.0
caustically,0.0
puzzling,0.0
sunken,0.0
invalid,0.0
irreplacible,0.0
retract,0.0
deviate,0.0
sumptuously,0.0
scapegoat,0.0
energetic,0.0
besiege,0.0
lucid,0.0
long-lasting,0.0
suppression,0.0
effrontery,0.0
hells,0.0
mindlessly,0.0
reasoned,0.0
inaccuracy,0.0
fresh,0.0
menace,0.0
ashamed,0.0
unuseably,0.0
effigy,0.0
scratch,0.0
knotted,0.0
enjoyably,0.0
enjoyable,0.0
renown,0.0
fusty,0.0
amiss,0.0
gossip,0.0
unuseable,0.0
concerned,0.0
dislike,0.0
kaput,0.0
moot,0.0
pestilent,0.0
torture,0.0
timely,0.0
detested,0.0
magic,0.0
stodgy,0.0
uncompetitive,0.0
damning,0.0
inelegant,0.0
insolence,0.0
disordered,0.0
mishap,0.0
unprofitable,0.0
crook,0.0
odd,0.0
leakage,0.0
waning,0.0
sweaty,0.0
consistently,0.0
aground,0.0
capitulate,0.0
itching,0.0
insecure,0.0
advantageously,0.0
led,0.0
punch,0.0
misgiving,0.0
poverty,0.0
great,0.0
revile,0.0
indiscreetly,0.0
inoperable,0.0
screech,0.0
defeat,0.0
dissolute,0.0
slogging,0.0
disobey,0.0
thumb-up,0.0
repugn,0.0
mortify,0.0
overzelous,0.0
inconveniently,0.0
desiring,0.0
confidence,0.0
illegal,0.0
assuring,0.0
doubt,0.0
irrepressible,0.0
capriciously,0.0
shipwreck,0.0
infamy,0.0
foolishly,0.0
debaucher,0.0
gladly,0.0
entangle,0.0
water-down,0.0
retreated,0.0
pout,0.0
unspeakablely,0.0
wedge,0.0
weaker,0.0
bent,0.0
unhappiness,0.0
beckoned,0.0
trumpet,0.0
weaken,0.0
clogs,0.0
negation,0.0
delay,0.0
intelligent,0.0
pales,0.0
luster,0.0
fine-looking,0.0
abrasive,0.0
smut,0.0
throbs,0.0
pigs,0.0
preferring,0.0
solidarity,0.0
efficiently,0.0
lame,0.0
redundant,0.0
wrip,0.0
classy,0.0
well-managed,0.0
doubtful,0.0
apathetically,0.0
hotcakes,0.0
perfect,0.0
crabby,0.0
decay,0.0
imperfection,0.0
remorseless,0.0
choleric,0.0
volatility,0.0
prosper,0.0
non-confidence,0.0
heavy-handed,0.0
bothering,0.0
legendary,0.0
pompous,0.0
transparent,0.0
hallmarks,0.0
irks,0.0
scenic,0.0
sufficiently,0.0
delightful,0.0
shortage,0.0
bump,0.0
deficiency,0.0
static,0.0
castigate,0.0
irritation,0.0
jagged,0.0
banal,0.0
bad,0.0
venom,0.0
superbly,0.0
hilarious,0.0
unprepared,0.0
adaptive,0.0
occluding,0.0
perish,0.0
unwieldy,0.0
inferiority,0.0
greedy,0.0
ignominious,0.0
frigging,0.0
tempt,0.0
shun,0.0
embarrass,0.0
adulteration,0.0
scary,0.0
injudicious,0.0
mesmerized,0.0
compulsive,0.0
irking,0.0
mesmerizes,0.0
chilly,0.0
serenity,0.0
cunts,0.0
stimulate,0.0
backaching,0.0
straining,0.0
stark,0.0
affliction,0.0
deceptive,0.0
exhilarating,0.0
belligerently,0.0
painful,0.0
malady,0.0
sloppily,0.0
chagrin,0.0
depressing,0.0
deteriorating,0.0
vouch,0.0
disrespectablity,0.0
luckiness,0.0
elite,0.0
egregious,0.0
split,0.0
bother,0.0
aggressor,0.0
extraordinarily,0.0
tortured,0.0
appealing,0.0
rollercoaster,0.0
tortures,0.0
allergic,0.0
steep,0.0
torrent,0.0
misunderstand,0.0
ingenious,0.0
accusing,0.0
false,0.0
beggar,0.0
chivalrous,0.0
intriguingly,0.0
trusting,0.0
abomination,0.0
gentle,0.0
feature-rich,0.0
blockbuster,0.0
clearly,0.0
demolisher,0.0
resigned,0.0
mistress,0.0
awed,0.0
brilliances,0.0
shamelessly,0.0
triumphal,0.0
toughest,0.0
embroiled,0.0
disavowal,0.0
disgustedly,0.0
fatalistically,0.0
better-known,0.0
preposterously,0.0
fervent,0.0
hypocrite,0.0
stronger,0.0
fiasco,0.0
maddeningly,0.0
magnanimously,0.0
perversion,0.0
disvalue,0.0
ripoff,0.0
trivial,0.0
incompliant,0.0
disillusion,0.0
illumine,0.0
conciliate,0.0
jam,0.0
wretchedness,0.0
antagonism,0.0
irreproachable,0.0
cranky,0.0
lucky,0.0
forebodingly,0.0
antagonist,0.0
smash,0.0
dishearten,0.0
contemptible,0.0
extremists,0.0
disapprobation,0.0
streamlined,0.0
allegation,0.0
shortchange,0.0
monstrosities,0.0
low-rated,0.0
catastrophic,0.0
";          (editors: N. Indurkhya and F. J. Damerau), 2010.",0.0
inelegance,0.0
dungeon,0.0
destiny,0.0
insulting,0.0
partisan,0.0
thoughtlessness,0.0
distressingly,0.0
taunting,0.0
injustice,0.0
exellent,0.0
disgruntled,0.0
derogatory,0.0
explosive,0.0
ignorance,0.0
barbarously,0.0
refuting,0.0
absentee,0.0
tantrum,0.0
perfidious,0.0
galore,0.0
creeping,0.0
insociable,0.0
exalting,0.0
gooood,0.0
coercive,0.0
jubilate,0.0
accursed,0.0
undependable,0.0
outsider,0.0
steadiness,0.0
wonderous,0.0
blatant,0.0
frighten,0.0
hottest,0.0
waste,0.0
tyranny,0.0
slumping,0.0
coherence,0.0
acclamation,0.0
misguide,0.0
hateful,0.0
lawlessness,0.0
enviousness,0.0
banish,0.0
sourly,0.0
lecherous,0.0
pretentious,0.0
remorselessly,0.0
smokescreen,0.0
exorbitantance,0.0
layoff,0.0
delaying,0.0
lush,0.0
cuss,0.0
lascivious,0.0
excessively,0.0
optimistic,0.0
denial,0.0
exagerates,0.0
exagerated,0.0
soundness,0.0
terrorism,0.0
joyously,0.0
covenant,0.0
conflicting,0.0
unimaginable,0.0
balk,0.0
complemented,0.0
stumbled,0.0
denigrate,0.0
dust,0.0
light-hearted,0.0
pleasantly,0.0
fascinate,0.0
dissing,0.0
enrage,0.0
onerously,0.0
poisonously,0.0
devilry,0.0
negligence,0.0
dissatisfying,0.0
glut,0.0
glum,0.0
miserableness,0.0
gentlest,0.0
roomy,0.0
generous,0.0
drawback,0.0
screwed-up,0.0
crack,0.0
scoundrel,0.0
vain,0.0
taunt,0.0
famously,0.0
atrophy,0.0
unneeded,0.0
debatable,0.0
crisp,0.0
bigotry,0.0
mistrustful,0.0
parasite,0.0
flickering,0.0
imprison,0.0
inexperienced,0.0
poor,0.0
inconstant,0.0
ineligible,0.0
hissing,0.0
cruelest,0.0
disbelief,0.0
passion,0.0
capability,0.0
blurry,0.0
hooligan,0.0
imaginary,0.0
fetid,0.0
adversary,0.0
coldly,0.0
gained,0.0
idolize,0.0
punitive,0.0
ingrate,0.0
insufficient,0.0
concession,0.0
diabolical,0.0
high-priced,0.0
villify,0.0
rectify,0.0
commitment,0.0
disaffected,0.0
disapproval,0.0
kooky,0.0
;       Proceedings of the ACM SIGKDD International Conference on Knowledge ,0.0
upliftment,0.0
frustration,0.0
heresy,0.0
troubling,0.0
grate,0.0
detestable,0.0
wretchedly,0.0
soreness,0.0
smooth,0.0
triumphant,0.0
excitement,0.0
travesties,0.0
problem,0.0
detestably,0.0
profusion,0.0
sumptuousness,0.0
rightly,0.0
plunderer,0.0
unsavory,0.0
unwatchable,0.0
letch,0.0
renowned,0.0
incorrigibly,0.0
deadly,0.0
overwhelms,0.0
gallantly,0.0
scandal,0.0
illusion,0.0
reckless,0.0
satirize,0.0
oppression,0.0
baffling,0.0
hotheaded,0.0
inspiration,0.0
frightfully,0.0
reprovingly,0.0
undercutting,0.0
monstrous,0.0
villainous,0.0
unspeakable,0.0
suicidal,0.0
saver,0.0
desirable,0.0
encouragingly,0.0
rapid,0.0
controversial,0.0
brashly,0.0
stinks,0.0
asinininity,0.0
spew,0.0
excoriate,0.0
inhospitality,0.0
tickle,0.0
unsteadiness,0.0
jeeringly,0.0
daze,0.0
regal,0.0
slowest,0.0
worth,0.0
blistering,0.0
compassion,0.0
distort,0.0
manic,0.0
fantastically,0.0
disobedient,0.0
grumpier,0.0
sly,0.0
bewildered,0.0
exaggerate,0.0
pinch,0.0
relentlessly,0.0
triumph,0.0
advocate,0.0
monotonous,0.0
blasphemy,0.0
depraved,0.0
blaspheme,0.0
decadence,0.0
incompatible,0.0
revolutionize,0.0
toll,0.0
festive,0.0
protection,0.0
wastefulness,0.0
celebration,0.0
stresses,0.0
kudos,0.0
unipolar,0.0
foolishness,0.0
god-send,0.0
smoke,0.0
insensitively,0.0
lonesome,0.0
anarchist,0.0
imaculate,0.0
envious,0.0
secure,0.0
discontinuous,0.0
spooky,0.0
inequitable,0.0
angrily,0.0
inequitably,0.0
uncivil,0.0
cheats,0.0
sparkling,0.0
achievable,0.0
romantically,0.0
devastation,0.0
ploy,0.0
negative,0.0
insult,0.0
agonizingly,0.0
plagiarize,0.0
snarky,0.0
award,0.0
wreaks,0.0
sobering,0.0
unraveled,0.0
adamant,0.0
striving,0.0
overrun,0.0
err,0.0
work,0.0
refusing,0.0
worn,0.0
criticizing,0.0
elegantly,0.0
excellant,0.0
radiance,0.0
goood,0.0
pollute,0.0
deadweight,0.0
unreadable,0.0
heartless,0.0
impair,0.0
fanciful,0.0
flairs,0.0
disrespectfulness,0.0
recovery,0.0
farce,0.0
agony,0.0
debauchery,0.0
morbid,0.0
moron,0.0
disappoint,0.0
truthful,0.0
fever,0.0
fav,0.0
lag,0.0
outbursts,0.0
meaningful,0.0
complacent,0.0
foolhardy,0.0
austere,0.0
alienate,0.0
hasty,0.0
sorrowful,0.0
appreciate,0.0
scare,0.0
backwoods,0.0
sanctimonious,0.0
atrocity,0.0
greed,0.0
infested,0.0
gumption,0.0
satisfied,0.0
innovative,0.0
satisfies,0.0
awfulness,0.0
valor,0.0
precipitate,0.0
damages,0.0
contaminate,0.0
remission,0.0
stuttering,0.0
bane,0.0
repulsive,0.0
shameful,0.0
payback,0.0
dissappointing,0.0
rocky,0.0
reasonably,0.0
misbehave,0.0
reasonable,0.0
dings,0.0
dumping,0.0
mangled,0.0
apotheosis,0.0
ergonomical,0.0
mangles,0.0
inteferes,0.0
whining,0.0
disloyalty,0.0
remorse,0.0
disputed,0.0
lawless,0.0
fervid,0.0
dashing,0.0
amazement,0.0
insubstantially,0.0
unfulfilled,0.0
renaissance,0.0
flawless,0.0
oppose,0.0
regress,0.0
burdensomely,0.0
rock-stars,0.0
truthfulness,0.0
daunting,0.0
miscalculation,0.0
delicious,0.0
drones,0.0
thoughtfully,0.0
tangle,0.0
; This file contains a list of POSITIVE opinion words (or sentiment words).,0.0
protracted,0.0
vibrate,0.0
overzealously,0.0
plentiful,0.0
immodest,0.0
fumble,0.0
snags,0.0
damaging,0.0
paltry,0.0
fanatical,0.0
happily,0.0
diversified,0.0
ludicrously,0.0
rejected,0.0
wasted,0.0
rebuff,0.0
mercy,0.0
messing,0.0
guile,0.0
splendidly,0.0
guilt,0.0
devious,0.0
interests,0.0
enjoin,0.0
convience,0.0
enchanted,0.0
lull,0.0
stalls,0.0
bonny,0.0
concens,0.0
praising,0.0
quieter,0.0
genuine,0.0
unscrupulous,0.0
convenient,0.0
elation,0.0
overtook,0.0
luxury,0.0
finagle,0.0
well-backlit,0.0
sue,0.0
prohibitive,0.0
pamperedness,0.0
inadverently,0.0
calmness,0.0
unsophisticated,0.0
oppress,0.0
fussy,0.0
";       International World Wide Web conference (WWW-2005), May 10-14, ",0.0
musty,0.0
respectfully,0.0
enjoyed,0.0
painfully,0.0
guidance,0.0
gutsy,0.0
leakages,0.0
adequate,0.0
stubbornness,0.0
ardor,0.0
degradation,0.0
ill-designed,0.0
cleanly,0.0
horrifys,0.0
implication,0.0
steal,0.0
erroneous,0.0
miserably,0.0
gladness,0.0
damnation,0.0
horrendous,0.0
miserable,0.0
diffidence,0.0
unable,0.0
arcane,0.0
amusingly,0.0
sloooow,0.0
misguided,0.0
infidel,0.0
raked,0.0
detracting,0.0
disservice,0.0
brat,0.0
throb,0.0
unreliable,0.0
ilu,0.0
exceeds,0.0
freshest,0.0
peacefully,0.0
shady,0.0
tough,0.0
freakish,0.0
condescending,0.0
vindictiveness,0.0
infirm,0.0
oblivious,0.0
frenetic,0.0
resignation,0.0
gratitude,0.0
hasseling,0.0
petty,0.0
trickery,0.0
backwardness,0.0
condemned,0.0
charisma,0.0
flexible,0.0
warmth,0.0
leech,0.0
unsupportive,0.0
beloved,0.0
plebeian,0.0
beastly,0.0
excite,0.0
horrifies,0.0
inconsolable,0.0
coherent,0.0
inconsolably,0.0
imbroglio,0.0
dissention,0.0
spellbind,0.0
gracious,0.0
inhibit,0.0
harms,0.0
dotingly,0.0
ail,0.0
abrupt,0.0
entertains,0.0
thrash,0.0
rightness,0.0
overtaking,0.0
mistake,0.0
succes,0.0
stink,0.0
cons,0.0
preeminent,0.0
divisively,0.0
whine,0.0
dumped,0.0
sting,0.0
dizzy,0.0
exile,0.0
uplift,0.0
unproved,0.0
discomfititure,0.0
grapple,0.0
agreeableness,0.0
incorrectly,0.0
imperiously,0.0
fuss,0.0
outperformed,0.0
evil,0.0
vengeful,0.0
immaterial,0.0
humble,0.0
taint,0.0
ragged,0.0
rewardingly,0.0
impertinent,0.0
bereave,0.0
stringent,0.0
anti-social,0.0
extol,0.0
passive,0.0
exalt,0.0
righteous,0.0
usable,0.0
mocked,0.0
insensitive,0.0
bastards,0.0
contrariness,0.0
unfounded,0.0
retreat,0.0
disadvantage,0.0
oppressiveness,0.0
disinclination,0.0
glitch,0.0
farcically,0.0
erodes,0.0
lapses,0.0
invaluable,0.0
starvation,0.0
warily,0.0
honored,0.0
flatter,0.0
rile,0.0
hassle,0.0
pugnacious,0.0
bore,0.0
unrivaled,0.0
confusing,0.0
denies,0.0
congratulate,0.0
humor,0.0
phenomenal,0.0
gruesomely,0.0
indoctrination,0.0
enticingly,0.0
denied,0.0
adorable,0.0
cash-strapped,0.0
posh,0.0
constructive,0.0
break-ups,0.0
restructuring,0.0
underpowered,0.0
chafe,0.0
chaff,0.0
hostilities,0.0
titillatingly,0.0
cherish,0.0
indecency,0.0
dilemma,0.0
unabashedly,0.0
wasting,0.0
delighted,0.0
formidable,0.0
balanced,0.0
lewd,0.0
stumble,0.0
strangely,0.0
hard-liner,0.0
deception,0.0
overblown,0.0
derision,0.0
sagging,0.0
overjoyed,0.0
diligence,0.0
forgetful,0.0
astonished,0.0
evaluative,0.0
high-quality,0.0
invincible,0.0
generosity,0.0
unusually,0.0
promises,0.0
scandalous,0.0
stooge,0.0
stupendously,0.0
opportunistic,0.0
promised,0.0
disputable,0.0
dying,0.0
meanness,0.0
disloyal,0.0
falsely,0.0
evasive,0.0
unwilling,0.0
frolic,0.0
eye-catch,0.0
guiltless,0.0
convincing,0.0
mightily,0.0
cheated,0.0
faze,0.0
accolade,0.0
cheater,0.0
unproving,0.0
denunciate,0.0
regrettably,0.0
indecently,0.0
grateful,0.0
adamantly,0.0
repression,0.0
extoll,0.0
dissatisfies,0.0
honoring,0.0
counter-attack,0.0
dissatisfied,0.0
glad,0.0
terror,0.0
protective,0.0
ferociously,0.0
feeble,0.0
dismalness,0.0
fragile,0.0
ill-formed,0.0
tetchily,0.0
distasteful,0.0
brave,0.0
verifiable,0.0
bravo,0.0
pratfall,0.0
perplexity,0.0
helpless,0.0
rough,0.0
acrimonious,0.0
enticing,0.0
curse,0.0
pleasingly,0.0
havoc,0.0
thicker,0.0
time-consuming,0.0
appeal,0.0
paradoxical,0.0
satisfy,0.0
supporting,0.0
unsure,0.0
efficacious,0.0
peeled,0.0
gawk,0.0
disclaim,0.0
lustrous,0.0
demonizing,0.0
bulkyness,0.0
sociable,0.0
merriment,0.0
impatiently,0.0
disavow,0.0
vibrating,0.0
burdensome,0.0
patriotic,0.0
ineffectiveness,0.0
snobish,0.0
keenness,0.0
anti-occupation,0.0
sincerely,0.0
sufferers,0.0
embarrassing,0.0
nauseating,0.0
senile,0.0
captivate,0.0
wonderfully,0.0
melodramatically,0.0
marginally,0.0
plaything,0.0
throbbed,0.0
judder,0.0
misconception,0.0
bemoaning,0.0
defeats,0.0
nauseatingly,0.0
chastise,0.0
flaking,0.0
woefully,0.0
stimulating,0.0
dedicated,0.0
supremacy,0.0
abort,0.0
refine,0.0
chic,0.0
shortsightedness,0.0
ill-treated,0.0
productive,0.0
bankrupt,0.0
fortunately,0.0
disappointingly,0.0
cliche,0.0
freezes,0.0
deteriorate,0.0
peerless,0.0
brazen,0.0
disgusted,0.0
drastic,0.0
flourish,0.0
vomited,0.0
bid-rigging,0.0
sloooooooooooooow,0.0
nosey,0.0
sagacity,0.0
crept,0.0
fortuitously,0.0
offend,0.0
crumple,0.0
forfeit,0.0
playful,0.0
nefarious,0.0
cold,0.0
unlucky,0.0
dangerousness,0.0
sinfully,0.0
suffocate,0.0
spacious,0.0
dreadfully,0.0
inefficiency,0.0
shrouded,0.0
hale,0.0
wealthy,0.0
first-rate,0.0
lies,0.0
streaky,0.0
redundancy,0.0
fawningly,0.0
outrageously,0.0
timidity,0.0
vexation,0.0
grouse,0.0
worriedly,0.0
accomplish,0.0
bullish,0.0
bulkiness,0.0
irony,0.0
belligerence,0.0
thirst,0.0
hastily,0.0
wholeheartedly,0.0
rational,0.0
ruinous,0.0
busybody,0.0
insular,0.0
scandalize,0.0
carp,0.0
advantages,0.0
gaffe,0.0
ominous,0.0
inevitable,0.0
tangles,0.0
roadblocks,0.0
honest,0.0
tangled,0.0
outcry,0.0
support,0.0
blind,0.0
impossibly,0.0
striking,0.0
jealousy,0.0
indecent,0.0
untrue,0.0
zap,0.0
impetuous,0.0
imprecate,0.0
truthfully,0.0
silent,0.0
thankless,0.0
callous,0.0
traction,0.0
tragic,0.0
jutter,0.0
cost-effective,0.0
brainy,0.0
uninformed,0.0
appreciates,0.0
junkyard,0.0
heretical,0.0
appreciated,0.0
dinky,0.0
disses,0.0
optimism,0.0
dissed,0.0
impinge,0.0
extinguish,0.0
profuse,0.0
sublime,0.0
troublesome,0.0
contentious,0.0
angel,0.0
aspersion,0.0
premier,0.0
slap,0.0
distorted,0.0
anger,0.0
insatiable,0.0
recover,0.0
mispronounces,0.0
lumpy,0.0
terrific,0.0
beggarly,0.0
mispronounced,0.0
swelled,0.0
prick,0.0
oppressive,0.0
infiltrators,0.0
neatly,0.0
expertly,0.0
d*mn,0.0
flawlessly,0.0
saintliness,0.0
reform,0.0
steady,0.0
spellbound,0.0
wreaked,0.0
slaves,0.0
unnervingly,0.0
well-rounded,0.0
so-cal,0.0
gratifies,0.0
gratified,0.0
boggle,0.0
crashing,0.0
nemesis,0.0
downturns,0.0
jolt,0.0
staid,0.0
direly,0.0
maliciousness,0.0
unravel,0.0
stain,0.0
malcontent,0.0
shrill,0.0
upgradeable,0.0
incivility,0.0
congratulations,0.0
loath,0.0
womanizing,0.0
celebrate,0.0
deprecate,0.0
appreciatively,0.0
sorrowfully,0.0
imbecile,0.0
irritant,0.0
indeterminably,0.0
effectual,0.0
losers,0.0
browbeat,0.0
famine,0.0
unfit,0.0
disquietingly,0.0
recalcitrant,0.0
staunch,0.0
culpable,0.0
concern,0.0
swankier,0.0
incite,0.0
altercation,0.0
pest,0.0
stellarly,0.0
pettifog,0.0
blame,0.0
glaringly,0.0
hurts,0.0
venomously,0.0
ultra-crisp,0.0
talented,0.0
crisper,0.0
self-interest,0.0
temper,0.0
reluctantly,0.0
vibrantly,0.0
repulsively,0.0
madness,0.0
adroit,0.0
foreboding,0.0
slogged,0.0
plusses,0.0
exploit,0.0
charismatic,0.0
thumbs-up,0.0
undercuts,0.0
menacingly,0.0
dictator,0.0
jerky,0.0
layoff-happy,0.0
exhaustion,0.0
impugn,0.0
dead-on,0.0
wounds,0.0
vagueness,0.0
scarily,0.0
handicapped,0.0
notoriety,0.0
quitter,0.0
scum,0.0
cherub,0.0
coolest,0.0
tarnished,0.0
implacable,0.0
zenith,0.0
startling,0.0
anxieties,0.0
bias,0.0
bestial,0.0
thrills,0.0
worry,0.0
poetic,0.0
contortions,0.0
anarchistic,0.0
favorited,0.0
pedantic,0.0
enjoyment,0.0
smelt,0.0
stingingly,0.0
nobly,0.0
enchanting,0.0
complained,0.0
undependability,0.0
bondage,0.0
severe,0.0
breeze,0.0
demean,0.0
knowledgeable,0.0
valuable,0.0
death,0.0
weariness,0.0
senseless,0.0
improvement,0.0
subversion,0.0
complements,0.0
mournful,0.0
disproportionate,0.0
exult,0.0
spectacular,0.0
offence,0.0
earnest,0.0
tingle,0.0
commotions,0.0
ramshackle,0.0
stunt,0.0
fortune,0.0
superfluous,0.0
endorses,0.0
miracle,0.0
tardy,0.0
feckless,0.0
disoobedient,0.0
endorsed,0.0
falsehood,0.0
apologists,0.0
pointlessly,0.0
hacks,0.0
zealously,0.0
derisive,0.0
squirm,0.0
perverse,0.0
conservative,0.0
debacle,0.0
dies,0.0
dejection,0.0
sadden,0.0
dreadfulness,0.0
strained,0.0
unease,0.0
ineloquent,0.0
uneasy,0.0
uncivilized,0.0
hectic,0.0
exciting,0.0
desiccated,0.0
fondness,0.0
emasculate,0.0
creaking,0.0
piety,0.0
assassin,0.0
daringly,0.0
protests,0.0
mismanage,0.0
persecution,0.0
commodious,0.0
overshadow,0.0
restless,0.0
stuttered,0.0
unlawfulness,0.0
unreliability,0.0
politeness,0.0
immaculate,0.0
bull----,0.0
overpaid,0.0
drains,0.0
delayed,0.0
manipulative,0.0
recoil,0.0
irreversible,0.0
election-rigger,0.0
god-given,0.0
fraud,0.0
afordable,0.0
receptive,0.0
lawfully,0.0
sadness,0.0
backbiting,0.0
gibberish,0.0
unwelcome,0.0
hotbeds,0.0
inadequately,0.0
selfishly,0.0
productively,0.0
trample,0.0
gaining,0.0
wieldy,0.0
expropriation,0.0
desolation,0.0
nonresponsive,0.0
overreach,0.0
unattractive,0.0
titillating,0.0
apathy,0.0
hard-working,0.0
forswear,0.0
mourner,0.0
banishment,0.0
splitting,0.0
franticly,0.0
pique,0.0
thoughtful,0.0
messy,0.0
dreadful,0.0
fastuous,0.0
fervor,0.0
resounding,0.0
fancinating,0.0
rogue,0.0
deginified,0.0
maladjusted,0.0
securely,0.0
heaven,0.0
deficient,0.0
shrivel,0.0
disrepute,0.0
throbbing,0.0
stigmatize,0.0
enfeeble,0.0
enhancement,0.0
resound,0.0
hamper,0.0
darkness,0.0
exhilaratingly,0.0
scorching,0.0
lurch,0.0
blindside,0.0
repugnant,0.0
turmoil,0.0
loose,0.0
misread,0.0
mendacious,0.0
selective,0.0
grudges,0.0
eventful,0.0
strong,0.0
creeps,0.0
unproven,0.0
losses,0.0
exceptionally,0.0
creepy,0.0
over-hyped,0.0
whiny,0.0
snappish,0.0
unproves,0.0
upsettingly,0.0
invalidate,0.0
toughness,0.0
marginal,0.0
impiety,0.0
fatuous,0.0
hogs,0.0
chunky,0.0
lewdness,0.0
drippy,0.0
easy-to-use,0.0
flaws,0.0
injure,0.0
revelation,0.0
heroic,0.0
mysterious,0.0
injury,0.0
insanely,0.0
erode,0.0
regrettable,0.0
instrumental,0.0
excuse,0.0
broke,0.0
stupify,0.0
pretense,0.0
gauche,0.0
offender,0.0
awe,0.0
entrapment,0.0
spontaneous,0.0
tenacious,0.0
rejuvenate,0.0
aggressiveness,0.0
stinging,0.0
boycott,0.0
wreak,0.0
fundamentalism,0.0
lacks,0.0
hampered,0.0
reject,0.0
vigilance,0.0
;    http://www.cs.uic.edu/~liub/FBS/sentiment-analysis.html,0.0
rude,0.0
inconceivably,0.0
malcontented,0.0
sneak,0.0
idiocy,0.0
promoter,0.0
gasp,0.0
inconceivable,0.0
diabolically,0.0
benifits,0.0
contrived,0.0
criticize,0.0
deluge,0.0
frictions,0.0
bugs,0.0
bashing,0.0
dread,0.0
deterioration,0.0
irately,0.0
crafty,0.0
traped,0.0
torturous,0.0
annoyingly,0.0
perfidity,0.0
dizzing,0.0
stupified,0.0
hell,0.0
repugnantly,0.0
reluctance,0.0
fruitful,0.0
absence,0.0
astonish,0.0
heros,0.0
flabbergast,0.0
finer,0.0
fool,0.0
motivated,0.0
vomit,0.0
patronize,0.0
permissible,0.0
sweeping,0.0
irrationality,0.0
trustworthiness,0.0
desperately,0.0
bless,0.0
delightfulness,0.0
pamper,0.0
exasperated,0.0
bickering,0.0
irreconcilable,0.0
deride,0.0
absurdity,0.0
anarchy,0.0
hooray,0.0
dominates,0.0
trusty,0.0
presumptuous,0.0
marvelousness,0.0
jolly,0.0
dominated,0.0
blundering,0.0
issue,0.0
expansive,0.0
dictatorial,0.0
dirt,0.0
favored,0.0
misstatement,0.0
brightest,0.0
dire,0.0
desiccate,0.0
hapless,0.0
bash,0.0
revolutionary,0.0
execrate,0.0
unresolved,0.0
brazenly,0.0
terribly,0.0
cataclysmically,0.0
avariciously,0.0
neglected,0.0
corrupting,0.0
craps,0.0
effortless,0.0
mist,0.0
miss,0.0
prohibitively,0.0
ostracize,0.0
blossom,0.0
fatcats,0.0
obtainable,0.0
wonderful,0.0
unimaginably,0.0
merciless,0.0
fervidly,0.0
trapped,0.0
retard,0.0
gimmicking,0.0
adulate,0.0
dissemble,0.0
second-class,0.0
squeaky,0.0
kindly,0.0
lament,0.0
miseries,0.0
impersonal,0.0
squeaks,0.0
breakups,0.0
battering,0.0
sty,0.0
phobic,0.0
phobia,0.0
unhappily,0.0
overstate,0.0
cuplrit,0.0
affirmative,0.0
randomly,0.0
ecstatically,0.0
douchebags,0.0
blissful,0.0
vulnerable,0.0
lie,0.0
evasion,0.0
cave,0.0
useless,0.0
aggravating,0.0
hell-bent,0.0
;       frequently in social media content. ,0.0
unaccessible,0.0
plunder,0.0
hothouse,0.0
diametrically,0.0
catastrophe,0.0
loopholes,0.0
sturdy,0.0
smoulder,0.0
clear,0.0
slumpping,0.0
unreasonable,0.0
unreasonably,0.0
clean,0.0
fainthearted,0.0
naively,0.0
boredom,0.0
perseverance,0.0
ennoble,0.0
languid,0.0
acerbic,0.0
flicker,0.0
meticulously,0.0
top-notch,0.0
impressively,0.0
restructure,0.0
distressing,0.0
torturously,0.0
paranoid,0.0
inadvisably,0.0
paranoia,0.0
polemize,0.0
beauteous,0.0
inadvisable,0.0
flighty,0.0
hardened,0.0
repulsing,0.0
antithetical,0.0
strut,0.0
famous,0.0
virtuously,0.0
throttle,0.0
chasten,0.0
sacrificed,0.0
recommendations,0.0
hype,0.0
courteous,0.0
cramp,0.0
disapproving,0.0
irredeemably,0.0
venerate,0.0
irredeemable,0.0
vengeance,0.0
horrid,0.0
wow,0.0
insightfully,0.0
back-wood,0.0
falsify,0.0
woo,0.0
won,0.0
incompatibility,0.0
stagnation,0.0
unobserved,0.0
notoriously,0.0
dullard,0.0
timidly,0.0
poorer,0.0
aggrieve,0.0
invisible,0.0
abruptly,0.0
useable,0.0
adorer,0.0
adored,0.0
liked,0.0
likes,0.0
turbulent,0.0
mind-blowing,0.0
reprehensive,0.0
incompatability,0.0
damn,0.0
coarse,0.0
threaten,0.0
mockingly,0.0
decisiveness,0.0
derisiveness,0.0
excitingly,0.0
doggedly,0.0
disruptive,0.0
intriguing,0.0
overplay,0.0
spellbindingly,0.0
conspirator,0.0
unconvincingly,0.0
fleed,0.0
wimpy,0.0
brilliant,0.0
reformed,0.0
endanger,0.0
loot,0.0
flees,0.0
fleer,0.0
uncompromising,0.0
costly,0.0
confound,0.0
flakieness,0.0
cumbersome,0.0
thoughtlessly,0.0
discredit,0.0
madly,0.0
grand,0.0
impious,0.0
conflict,0.0
sham,0.0
misguidance,0.0
covetous,0.0
fatty,0.0
bonus,0.0
overweight,0.0
censure,0.0
decency,0.0
draconic,0.0
haunting,0.0
flirty,0.0
grind,0.0
uproariously,0.0
savvy,0.0
appalled,0.0
grossly,0.0
chore,0.0
pillory,0.0
ignoble,0.0
devastatingly,0.0
cocky,0.0
dissappointed,0.0
vengefully,0.0
botch,0.0
decayed,0.0
brand-new,0.0
harmonize,0.0
overthrows,0.0
fabulously,0.0
lacking,0.0
tiring,0.0
enthusiastically,0.0
maltreatment,0.0
stagnate,0.0
mistrustfully,0.0
strife,0.0
";       Bing Liu. ""Sentiment Analysis and Subjectivity."" An chapter in ",0.0
popular,0.0
self-sufficient,0.0
authoritarian,0.0
well-connected,0.0
urgent,0.0
pathetically,0.0
impoverish,0.0
trendy,0.0
anti-american,0.0
bruising,0.0
fanfare,0.0
savage,0.0
dilapidated,0.0
beneficially,0.0
exceeding,0.0
providence,0.0
trouble-free,0.0
costlier,0.0
hypocritical,0.0
benefactor,0.0
suavely,0.0
rue,0.0
negatives,0.0
ache,0.0
taboo,0.0
subtract,0.0
rut,0.0
shine,0.0
faith,0.0
ill-defined,0.0
soft,0.0
lucidly,0.0
shiny,0.0
pluses,0.0
miracles,0.0
misbehavior,0.0
panders,0.0
nonsense,0.0
dissatisfaction,0.0
smelly,0.0
conscientious,0.0
smells,0.0
issue-free,0.0
infuriating,0.0
incongruously,0.0
calumny,0.0
healthful,0.0
inept,0.0
disaffirm,0.0
properly,0.0
tragically,0.0
warlike,0.0
dull,0.0
flickers,0.0
picketing,0.0
cramping,0.0
swagger,0.0
viciously,0.0
intuitive,0.0
malodorous,0.0
foresight,0.0
wicked,0.0
castrated,0.0
seethe,0.0
unwise,0.0
evocative,0.0
sullen,0.0
nag,0.0
objection,0.0
fears,0.0
condescension,0.0
inglorious,0.0
smiles,0.0
overbalanced,0.0
bravado,0.0
drag,0.0
drab,0.0
heroine,0.0
insultingly,0.0
wellbeing,0.0
imprecise,0.0
degrade,0.0
irretating,0.0
cheerful,0.0
humid,0.0
egomania,0.0
outperforming,0.0
stunned,0.0
blindingly,0.0
easiest,0.0
loathsomely,0.0
friendly,0.0
virtuous,0.0
murderous,0.0
moribund,0.0
prudence,0.0
screwed,0.0
felicity,0.0
discouragement,0.0
defamatory,0.0
excruciating,0.0
stiff,0.0
compassionate,0.0
nourishing,0.0
catastrophes,0.0
exasperatingly,0.0
sedentary,0.0
pretend,0.0
picket,0.0
encroachment,0.0
sturdier,0.0
languor,0.0
pitilessly,0.0
exacerbate,0.0
unhelpful,0.0
rotten,0.0
volatile,0.0
self-defeating,0.0
;,0.0
poky,0.0
melancholy,0.0
denunciations,0.0
upsetting,0.0
radicals,0.0
bowdlerize,0.0
conceited,0.0
enterprising,0.0
adulterate,0.0
commendably,0.0
benevolence,0.0
avaricious,0.0
repel,0.0
commendable,0.0
danger,0.0
hospitable,0.0
apprehensive,0.0
unwillingly,0.0
infest,0.0
gimmick,0.0
cloud,0.0
subsidizes,0.0
crap,0.0
agreeably,0.0
well-informed,0.0
pain-free,0.0
;       mistakes. They are included as these misspelled words appear ,0.0
contentment,0.0
subsidized,0.0
agreeable,0.0
noisy,0.0
indefensible,0.0
repulsiveness,0.0
cackle,0.0
self-criticism,0.0
confused,0.0
insincerity,0.0
felicitate,0.0
inattentive,0.0
rivalry,0.0
lapse,0.0
recession,0.0
irreparable,0.0
ineffectualness,0.0
beleaguer,0.0
inviolate,0.0
fearsome,0.0
invincibility,0.0
defective,0.0
picturesque,0.0
ambivalence,0.0
neurotic,0.0
spurious,0.0
immoral,0.0
mislike,0.0
furiously,0.0
luxuriously,0.0
restrict,0.0
slowwww,0.0
fatigue,0.0
seedy,0.0
debasement,0.0
flagrantly,0.0
advocated,0.0
advocates,0.0
alienation,0.0
presumptuously,0.0
procrastination,0.0
feeblely,0.0
rebellious,0.0
less-developed,0.0
brittle,0.0
subversive,0.0
brood,0.0
exclusion,0.0
corruptted,0.0
imbalance,0.0
wonderously,0.0
outshone,0.0
shimmeringly,0.0
optimal,0.0
handy,0.0
masters,0.0
spoon-feed,0.0
mastery,0.0
uncaring,0.0
illuminate,0.0
illuminati,0.0
;    1. The appearance of an opinion word in a sentence does not necessarily  ,0.0
exceeded,0.0
gallant,0.0
lukewarm,0.0
revoltingly,0.0
pertinacity,0.0
confess,0.0
unlawful,0.0
wondrous,0.0
thriving,0.0
obsessive,0.0
obsess,0.0
achievements,0.0
trashy,0.0
discontinuity,0.0
humiliating,0.0
dissenter,0.0
sneer,0.0
tempest,0.0
shrew,0.0
drowning,0.0
corrosion,0.0
hostile,0.0
galling,0.0
keen,0.0
repulsed,0.0
fastest-growing,0.0
softer,0.0
succeeds,0.0
confuse,0.0
gruesome,0.0
rectifying,0.0
bitch,0.0
eminence,0.0
precisely,0.0
supurbly,0.0
dump,0.0
durable,0.0
unequivocal,0.0
attack,0.0
gainful,0.0
declines,0.0
perfectly,0.0
terribleness,0.0
punish,0.0
feint,0.0
manipulation,0.0
fuzzy,0.0
overwhelming,0.0
apologist,0.0
exultingly,0.0
spurn,0.0
worthlessly,0.0
aspiration,0.0
well-established,0.0
cartoonish,0.0
transgression,0.0
snazzy,0.0
insignificance,0.0
distinguished,0.0
earsplitting,0.0
villains,0.0
plasticky,0.0
sardonic,0.0
disapointment,0.0
assurances,0.0
killjoy,0.0
saintly,0.0
bastard,0.0
regressive,0.0
pretentiously,0.0
deceive,0.0
passionately,0.0
unleash,0.0
resplendent,0.0
brutalising,0.0
demise,0.0
threats,0.0
nuisance,0.0
expired,0.0
bloodthirsty,0.0
scrambles,0.0
upset,0.0
prickle,0.0
astonishing,0.0
scrambled,0.0
distinctive,0.0
lawbreaker,0.0
qualms,0.0
unsettle,0.0
reprehensible,0.0
violation,0.0
bigotries,0.0
farfetched,0.0
well-being,0.0
passe,0.0
molest,0.0
reprehensibly,0.0
envy,0.0
untimely,0.0
unfinished,0.0
idiocies,0.0
hopeful,0.0
misjudge,0.0
rash,0.0
strident,0.0
brighter,0.0
destabilisation,0.0
betrayals,0.0
catastrophies,0.0
infernal,0.0
gratify,0.0
hassles,0.0
sloww,0.0
crumbling,0.0
exaltation,0.0
woe,0.0
despoiler,0.0
hassled,0.0
fallout,0.0
marvels,0.0
imperious,0.0
dejected,0.0
oppressively,0.0
berserk,0.0
hollow,0.0
reprimand,0.0
gush,0.0
solicitous,0.0
accuses,0.0
orphan,0.0
freeze,0.0
unfavorable,0.0
desperate,0.0
rifts,0.0
humane,0.0
luckiest,0.0
outrageousness,0.0
nightmare,0.0
illusory,0.0
maneuverable,0.0
beautify,0.0
correctly,0.0
horrible,0.0
sabotage,0.0
believeable,0.0
sorely,0.0
laid-off,0.0
interfere,0.0
bemoan,0.0
merry,0.0
approval,0.0
precious,0.0
mulish,0.0
donside,0.0
solace,0.0
undetermined,0.0
inundate,0.0
limits,0.0
monstrously,0.0
nauseate,0.0
inessential,0.0
spewed,0.0
cynicism,0.0
cohere,0.0
lawbreaking,0.0
yay,0.0
discrimination,0.0
wowing,0.0
frenetically,0.0
immense,0.0
slowly,0.0
geekier,0.0
intefere,0.0
fibber,0.0
shameless,0.0
intimidate,0.0
pandemonium,0.0
harden,0.0
inaccurately,0.0
hearten,0.0
ominously,0.0
odder,0.0
sensitive,0.0
blasphemous,0.0
calamitous,0.0
strange,0.0
fanatics,0.0
hardliner,0.0
effusively,0.0
impeccably,0.0
rightfully,0.0
eccentric,0.0
prodigiously,0.0
abounds,0.0
sagged,0.0
fierce,0.0
impeccable,0.0
endearing,0.0
destruction,0.0
rift,0.0
scarcely,0.0
distraughtness,0.0
glower,0.0
variety,0.0
insurmountably,0.0
nebulous,0.0
rife,0.0
insurmountable,0.0
risk-free,0.0
user-friendly,0.0
draconian,0.0
underdog,0.0
ill-tempered,0.0
discord,0.0
insinuating,0.0
accurate,0.0
mistaken,0.0
mistakes,0.0
inefficacy,0.0
skill,0.0
reaffirmation,0.0
run-down,0.0
bullshit,0.0
cannibalize,0.0
indignation,0.0
ample,0.0
crushed,0.0
virulent,0.0
livid,0.0
burden,0.0
hypocricy,0.0
amply,0.0
prominent,0.0
accomodative,0.0
incorrigible,0.0
lost,0.0
lose,0.0
adversity,0.0
glare,0.0
warmer,0.0
liking,0.0
; This file and the papers can all be downloaded from ,0.0
leery,0.0
helplessness,0.0
traumatic,0.0
eyesore,0.0
appreciative,0.0
rewarding,0.0
inflammation,0.0
humorously,0.0
limitations,0.0
inaccurate,0.0
poignant,0.0
imperfectly,0.0
problem-free,0.0
misrepresentation,0.0
inexpiable,0.0
freedom,0.0
sinister,0.0
compatible,0.0
maladjustment,0.0
arrogantly,0.0
eloquently,0.0
articulate,0.0
naïve,0.0
rigidness,0.0
secretive,0.0
pointless,0.0
doubtless,0.0
godsend,0.0
rejoice,0.0
impatience,0.0
lagged,0.0
funnily,0.0
delusions,0.0
crushing,0.0
elate,0.0
corrosions,0.0
treacherous,0.0
hazardous,0.0
admonish,0.0
gain,0.0
wince,0.0
exaltingly,0.0
grieve,0.0
scoffingly,0.0
accommodative,0.0
cruel,0.0
limit,0.0
diligently,0.0
upsets,0.0
twist,0.0
acerbically,0.0
offensive,0.0
spellbinding,0.0
crummy,0.0
stumps,0.0
misconceptions,0.0
blunders,0.0
ecstatic,0.0
inescapable,0.0
insults,0.0
inescapably,0.0
dragoon,0.0
immoderately,0.0
stab,0.0
animosity,0.0
well-made,0.0
disconsolation,0.0
unsteadily,0.0
pardon,0.0
dissolution,0.0
dynamic,0.0
obstruction,0.0
protest,0.0
perverted,0.0
offenses,0.0
unfeeling,0.0
sagely,0.0
sorry,0.0
bulkier,0.0
slow-moving,0.0
appal,0.0
destitution,0.0
misunderstanding,0.0
smack,0.0
reforms,0.0
courageous,0.0
deplorably,0.0
timidness,0.0
convenience,0.0
irrationally,0.0
enhance,0.0
deplorable,0.0
tenuous,0.0
concise,0.0
subordinate,0.0
dumbfound,0.0
pander,0.0
gawky,0.0
disintegrated,0.0
ignominiously,0.0
desirous,0.0
hatefully,0.0
hazy,0.0
haze,0.0
sunder,0.0
reverently,0.0
poorly,0.0
palatial,0.0
harbors,0.0
repugnance,0.0
deadbeat,0.0
weirdly,0.0
refinement,0.0
over-priced,0.0
inefficiently,0.0
harass,0.0
unkindly,0.0
superstitious,0.0
complicated,0.0
suitable,0.0
menial,0.0
intrigue,0.0
fantastic,0.0
poorest,0.0
dehumanize,0.0
overheat,0.0
quibbles,0.0
leaks,0.0
calm,0.0
recommend,0.0
leaky,0.0
peevish,0.0
wary,0.0
demon,0.0
warp,0.0
disruption,0.0
warm,0.0
frenzy,0.0
qualm,0.0
hoax,0.0
somber,0.0
regrets,0.0
headway,0.0
achievible,0.0
fresher,0.0
punk,0.0
degenerate,0.0
untruthful,0.0
gleefully,0.0
loathe,0.0
invidiousness,0.0
faults,0.0
amazing,0.0
faulty,0.0
undesirable,0.0
disconsolately,0.0
indignity,0.0
loyalty,0.0
misfit,0.0
ambivalent,0.0
overtaken,0.0
longingly,0.0
assuredly,0.0
fictitious,0.0
uninsured,0.0
impossiblity,0.0
intimidatingly,0.0
despondently,0.0
responsive,0.0
partisans,0.0
wickedness,0.0
pleasurably,0.0
rremediable,0.0
alluringly,0.0
better,0.0
stalemate,0.0
unintelligile,0.0
pleasurable,0.0
weakness,0.0
unemployed,0.0
intimidation,0.0
aborted,0.0
indulge,0.0
rhapsodize,0.0
shirk,0.0
pervasive,0.0
rhetoric,0.0
mistrust,0.0
superficiality,0.0
unnoticed,0.0
unpleasantries,0.0
pepping,0.0
loneliness,0.0
luck,0.0
interruption,0.0
overbearingly,0.0
combust,0.0
caustic,0.0
first-class,0.0
contend,0.0
unbound,0.0
sluts,0.0
restricted,0.0
oppressors,0.0
ranted,0.0
revolting,0.0
sparkle,0.0
easiness,0.0
sluggish,0.0
instigate,0.0
fave,0.0
revenge,0.0
slammin,0.0
warmhearted,0.0
greasy,0.0
zaps,0.0
saggy,0.0
dirtbags,0.0
attune,0.0
heckle,0.0
loud,0.0
laggy,0.0
rapturously,0.0
wobbles,0.0
reassure,0.0
picketed,0.0
deplete,0.0
downside,0.0
masterfully,0.0
nastiness,0.0
discompose,0.0
debase,0.0
dumbfounded,0.0
twisted,0.0
enthral,0.0
brainwash,0.0
lovelorn,0.0
horrendously,0.0
worsen,0.0
peculiar,0.0
symptom,0.0
congratulatory,0.0
anxiety,0.0
cruelly,0.0
bitterness,0.0
well-positioned,0.0
silly,0.0
deserving,0.0
spoiled,0.0
divisiveness,0.0
hallucination,0.0
fathomless,0.0
rattle,0.0
modern,0.0
low-priced,0.0
horde,0.0
distains,0.0
impotent,0.0
demoralizing,0.0
worsening,0.0
inconsistence,0.0
";          Handbook of Natural Language Processing, Second Edition, ",0.0
mashed,0.0
subpoenas,0.0
chatterbox,0.0
clears,0.0
spinster,0.0
exonerate,0.0
treasonous,0.0
sufficed,0.0
mushy,0.0
alarm,0.0
impudently,0.0
self-destructive,0.0
romanticize,0.0
annoyed,0.0
discontent,0.0
rapture,0.0
brutalities,0.0
brilliance,0.0
uneasiness,0.0
discourteous,0.0
incoherently,0.0
marvelously,0.0
undignified,0.0
debts,0.0
cripple,0.0
brimstone,0.0
dismayingly,0.0
hoard,0.0
set-up,0.0
colorful,0.0
rejoicing,0.0
prospros,0.0
blur,0.0
";       and Comparing Opinions on the Web."" Proceedings of the 14th ",0.0
doddering,0.0
slanderous,0.0
smug,0.0
discoutinous,0.0
;       mean that the sentence expresses a positive or negative opinion. ,0.0
broken-hearted,0.0
stooges,0.0
illegitimate,0.0
depressed,0.0
monumental,0.0
enchant,0.0
ethical,0.0
unworthy,0.0
fascinating,0.0
rockstar,0.0
blameless,0.0
winnable,0.0
interruptions,0.0
mournfully,0.0
inappropriate,0.0
scrap,0.0
insolently,0.0
disprove,0.0
simplest,0.0
lethargic,0.0
enrapt,0.0
lazy,0.0
obsessiveness,0.0
weary,0.0
uncreative,0.0
disorderly,0.0
pertinacious,0.0
distinction,0.0
contribution,0.0
overstatements,0.0
exemplary,0.0
incessant,0.0
awesomely,0.0
lowly,0.0
speedily,0.0
unlamentably,0.0
riled,0.0
intrusion,0.0
futility,0.0
exhilarate,0.0
detrimental,0.0
lovely,0.0
unlamentable,0.0
idol,0.0
wheedle,0.0
prosperous,0.0
suppress,0.0
disgruntle,0.0
decrepit,0.0
anarchism,0.0
regretted,0.0
lunaticism,0.0
distorts,0.0
unpopular,0.0
tank,0.0
affirm,0.0
ugly,0.0
mangle,0.0
pessimistic,0.0
dummy-proof,0.0
well-balanced,0.0
teasingly,0.0
defeated,0.0
shame,0.0
lugubrious,0.0
sever,0.0
cataclysmal,0.0
overstated,0.0
growl,0.0
shimmering,0.0
world-famous,0.0
vibrates,0.0
condemnation,0.0
opulent,0.0
delight,0.0
undaunted,0.0
vibrated,0.0
jealous,0.0
scoldingly,0.0
suffices,0.0
failing,0.0
berate,0.0
mockeries,0.0
wasteful,0.0
personages,0.0
impending,0.0
agile,0.0
affinity,0.0
involuntary,0.0
perfunctory,0.0
auspicious,0.0
affability,0.0
vanity,0.0
dignity,0.0
fashionably,0.0
unnecessary,0.0
disillusioned,0.0
confront,0.0
notorious,0.0
squander,0.0
repudiate,0.0
deaf,0.0
dead,0.0
revel,0.0
pain,0.0
dense,0.0
distrust,0.0
flounder,0.0
plot,0.0
concen,0.0
burn,0.0
blackmail,0.0
confrontation,0.0
super,0.0
empowerment,0.0
innuendo,0.0
contrasty,0.0
blithe,0.0
thinner,0.0
lied,0.0
lier,0.0
fumes,0.0
overkill,0.0
refined,0.0
annoyance,0.0
amazingly,0.0
ill-sorted,0.0
illustrious,0.0
misbecome,0.0
victorious,0.0
counterproductive,0.0
impassioned,0.0
lurid,0.0
starve,0.0
immorality,0.0
failure,0.0
powerfully,0.0
prettily,0.0
surrender,0.0
atrocities,0.0
dick,0.0
invidiously,0.0
afflictive,0.0
horrifying,0.0
propaganda,0.0
tarnishes,0.0
ingenuously,0.0
classic,0.0
infections,0.0
sticky,0.0
cure-all,0.0
revitalize,0.0
mediocre,0.0
shit,0.0
graft,0.0
oversimplification,0.0
discriminate,0.0
polarisation,0.0
authoritative,0.0
disaccord,0.0
excel,0.0
maledict,0.0
roomier,0.0
clear-cut,0.0
mangling,0.0
partiality,0.0
fell,0.0
fruitlessly,0.0
magnificence,0.0
died,0.0
inimically,0.0
pertinaciously,0.0
luckier,0.0
restored,0.0
overdue,0.0
revoke,0.0
vestiges,0.0
abundant,0.0
resourceful,0.0
";       Discovery and Data Mining (KDD-2004), Aug 22-25, 2004, Seattle, ",0.0
suicide,0.0
deceitful,0.0
fancier,0.0
sufferer,0.0
disgusting,0.0
gutless,0.0
amaze,0.0
unpleasant,0.0
suffered,0.0
abundance,0.0
friction,0.0
uneventful,0.0
dim,0.0
din,0.0
excellency,0.0
die,0.0
elan,0.0
noiseless,0.0
excellence,0.0
grimace,0.0
unexpected,0.0
ill-conceived,0.0
sneakily,0.0
inconsequential,0.0
inconsiderately,0.0
bombardment,0.0
favour,0.0
suspect,0.0
drunkard,0.0
unrestricted,0.0
dishonestly,0.0
wail,0.0
involuntarily,0.0
loathly,0.0
superstition,0.0
snagging,0.0
detest,0.0
ingenuous,0.0
congestion,0.0
deceit,0.0
oversimplify,0.0
bruises,0.0
exploitation,0.0
priceless,0.0
conveniently,0.0
bruised,0.0
stew,0.0
breathtaking,0.0
adjustable,0.0
insolent,0.0
discontentedly,0.0
hardier,0.0
testily,0.0
flexibility,0.0
ailing,0.0
surmount,0.0
sharper,0.0
licentious,0.0
distraughtly,0.0
joyous,0.0
slowww,0.0
compactly,0.0
blotchy,0.0
travesty,0.0
adoringly,0.0
upgradable,0.0
rigid,0.0
savior,0.0
demolish,0.0
deformed,0.0
hubris,0.0
sour,0.0
drags,0.0
cost-saving,0.0
crazy,0.0
grouchy,0.0
fuck,0.0
overzealous,0.0
disbelieve,0.0
battered,0.0
confuses,0.0
craze,0.0
indifferent,0.0
stricken,0.0
inundated,0.0
strikingly,0.0
scornfully,0.0
pure,0.0
mar,0.0
critics,0.0
praiseworthy,0.0
sustainability,0.0
mad,0.0
mocks,0.0
destructive,0.0
infallibility,0.0
scrambling,0.0
aimless,0.0
purify,0.0
fluent,0.0
thorny,0.0
pickets,0.0
flat-out,0.0
imprecision,0.0
bungle,0.0
cute,0.0
fatuity,0.0
shaky,0.0
stability,0.0
spookier,0.0
shake,0.0
irresolute,0.0
setbacks,0.0
mesmerizingly,0.0
undermined,0.0
unacceptablely,0.0
undermines,0.0
aching,0.0
rattled,0.0
killer,0.0
shatter,0.0
soulful,0.0
sarcastic,0.0
titillate,0.0
aspirations,0.0
killed,0.0
rattles,0.0
feverish,0.0
fudge,0.0
misgivings,0.0
careless,0.0
craftily,0.0
scolded,0.0
ruffle,0.0
unachievable,0.0
jubiliant,0.0
abnormal,0.0
richly,0.0
aloof,0.0
vociferously,0.0
impurity,0.0
interference,0.0
condemns,0.0
dominate,0.0
correct,0.0
assurance,0.0
inaction,0.0
monster,0.0
self-determination,0.0
hefty,0.0
smudge,0.0
miscreants,0.0
dehumanization,0.0
funky,0.0
sensationally,0.0
invalidity,0.0
desultory,0.0
remorseful,0.0
fleeing,0.0
dungeons,0.0
scandalized,0.0
cheesy,0.0
incompetently,0.0
thoughtless,0.0
murky,0.0
autocrat,0.0
lambaste,0.0
fiery,0.0
daunt,0.0
bloodshed,0.0
gaudy,0.0
inefficient,0.0
accurately,0.0
blurred,0.0
raptureous,0.0
cracks,0.0
capsize,0.0
tantalize,0.0
improbability,0.0
first-in-class,0.0
hard-hit,0.0
conspiracy,0.0
sulk,0.0
inadverent,0.0
glibly,0.0
efficient,0.0
isolate,0.0
shocked,0.0
acumen,0.0
wretch,0.0
haste,0.0
personalized,0.0
futurestic,0.0
frost,0.0
amiable,0.0
insanity,0.0
assault,0.0
complaints,0.0
supremely,0.0
well-intentioned,0.0
hardships,0.0
conspicuous,0.0
viewable,0.0
gracefully,0.0
pernicious,0.0
massacres,0.0
scowl,0.0
iniquitous,0.0
watered-down,0.0
precise,0.0
disunity,0.0
modesty,0.0
elevate,0.0
hardhearted,0.0
enthusiast,0.0
despairingly,0.0
stormy,0.0
treasure,0.0
impunity,0.0
incredulous,0.0
disconcerting,0.0
enthusiasm,0.0
ecstasies,0.0
exaggeration,0.0
skulk,0.0
hostage,0.0
tricked,0.0
unimportant,0.0
lionhearted,0.0
gibber,0.0
unethical,0.0
gem,0.0
beseech,0.0
sickly,0.0
stupid,0.0
worrying,0.0
kook,0.0
lethargy,0.0
honesty,0.0
fatefully,0.0
stigma,0.0
wonder,0.0
gratifying,0.0
satisfying,0.0
steadfast,0.0
uproarously,0.0
kid-friendly,0.0
despotic,0.0
enough,0.0
vindictively,0.0
affordable,0.0
self-humiliation,0.0
killing,0.0
unsecure,0.0
affordably,0.0
dissidence,0.0
skittishly,0.0
inanely,0.0
fulminate,0.0
indelicate,0.0
tout,0.0
disappointment,0.0
delirium,0.0
laudably,0.0
cancer,0.0
spank,0.0
accusation,0.0
disliking,0.0
mortification,0.0
laudable,0.0
sensible,0.0
awsome,0.0
caricature,0.0
capable,0.0
dependably,0.0
wobble,0.0
dependable,0.0
capably,0.0
sensibly,0.0
educated,0.0
devilish,0.0
workable,0.0
squash,0.0
jutters,0.0
whips,0.0
predicament,0.0
invigorate,0.0
promising,0.0
huckster,0.0
sincere,0.0
strain,0.0
sillily,0.0
obnoxious,0.0
creaks,0.0
harsh,0.0
sketchy,0.0
triumphantly,0.0
deference,0.0
peps,0.0
pan,0.0
dishonorable,0.0
exhaust,0.0
amenable,0.0
sickness,0.0
admonishingly,0.0
disapointing,0.0
break,0.0
drain,0.0
slanders,0.0
unjustifiably,0.0
intermittent,0.0
amazes,0.0
oppositions,0.0
substantive,0.0
stunted,0.0
easing,0.0
bumping,0.0
uncomplicated,0.0
amazed,0.0
parody,0.0
malicious,0.0
fume,0.0
reputable,0.0
stun,0.0
clueless,0.0
adulterated,0.0
astonishment,0.0
grating,0.0
eviscerate,0.0
inhibition,0.0
disadvantageous,0.0
implicate,0.0
disappointed,0.0
grim,0.0
grin,0.0
distrustful,0.0
paupers,0.0
gratifyingly,0.0
miraculous,0.0
passionate,0.0
hysterics,0.0
obsessions,0.0
imprisonment,0.0
erase,0.0
unsustainable,0.0
lackeys,0.0
booming,0.0
gross,0.0
attractively,0.0
critical,0.0
gladden,0.0
knife,0.0
apocalyptic,0.0
egocentric,0.0
intrude,0.0
despicably,0.0
notably,0.0
broken,0.0
despicable,0.0
dastardly,0.0
finicky,0.0
tease,0.0
smear,0.0
demonic,0.0
knave,0.0
threesome,0.0
fallacy,0.0
dissocial,0.0
skilled,0.0
unnerved,0.0
multi-polarization,0.0
rockstars,0.0
annoys,0.0
totalitarian,0.0
brute,0.0
madder,0.0
compliant,0.0
decisive,0.0
hysterical,0.0
downer,0.0
fanatic,0.0
unsettled,0.0
buggy,0.0
sophisticated,0.0
shroud,0.0
;;;;;;;;;;;;;;;;;;;;;;;;;;;;;;;;;;;;;;;;;;;;;;;;;;;;;;;;;;;;;;;;;;;;;;;;;;;;;;,0.0
bull****,0.0
belated,0.0
annihilate,0.0
grudging,0.0
poison,0.0
exemplar,0.0
eschew,0.0
grouch,0.0
deadlock,0.0
powerless,0.0
affection,0.0
deterrent,0.0
casualty,0.0
tedious,0.0
selfish,0.0
oversights,0.0
floored,0.0
swankiest,0.0
unaccustomed,0.0
victimize,0.0
fruitless,0.0
important,0.0
equitable,0.0
prudent,0.0
pitifully,0.0
grudge,0.0
consternation,0.0
recklessness,0.0
refutation,0.0
evenly,0.0
liar,0.0
vile,0.0
forbidden,0.0
allergy,0.0
scandel,0.0
sunk,0.0
wrestle,0.0
forged,0.0
cooperative,0.0
reluctant,0.0
enjoying,0.0
hideous,0.0
straightforward,0.0
righten,0.0
carefree,0.0
overdone,0.0
fall,0.0
unilateralism,0.0
vouchsafe,0.0
inpressed,0.0
benevolent,0.0
enrapture,0.0
portable,0.0
affably,0.0
pretence,0.0
preposterous,0.0
unthinkable,0.0
affectation,0.0
affable,0.0
misrepresent,0.0
unorthodoxy,0.0
illogical,0.0
sweetly,0.0
short-lived,0.0
exasperation,0.0
;;;;;;;;;;;;;;;;;;;;;;;;;;;;;;;;;;;;;;;;;;;;;;;;;;;;;;;;;;;;;;;;;;;;;;;;;;;;,0.0
worrisome,0.0
judicious,0.0
everlasting,0.0
plush,0.0
compact,0.0
disastrous,0.0
stupor,0.0
luxuriate,0.0
misery,0.0
prejudge,0.0
cowardly,0.0
arrogance,0.0
readily,0.0
wobbled,0.0
alarmingly,0.0
furor,0.0
fret,0.0
hegemony,0.0
handsomely,0.0
brisk,0.0
woeful,0.0
apprehensions,0.0
grisly,0.0
disfavor,0.0
sucky,0.0
maniac,0.0
sucks,0.0
frustratingly,0.0
taut,0.0
dazed,0.0
stubborn,0.0
shark,0.0
grumpish,0.0
rejuvenated,0.0
gravely,0.0
onslaught,0.0
painfull,0.0
; This file contains a list of NEGATIVE opinion words (or sentiment words).,0.0
reproachful,0.0
despot,0.0
sharp,0.0
wisely,0.0
drained,0.0
lousy,0.0
needy,0.0
comfort,0.0
low-risk,0.0
rapport,0.0
inflationary,0.0
uprising,0.0
fast-growing,0.0
spectacularly,0.0
bloom,0.0
bleak,0.0
usurper,0.0
crowded,0.0
spiteful,0.0
crippling,0.0
blunder,0.0
mislead,0.0
jeering,0.0
pleasure,0.0
egregiously,0.0
displease,0.0
stains,0.0
oblique,0.0
setback,0.0
deploring,0.0
lewdly,0.0
suffer,0.0
prevaricate,0.0
arrogant,0.0
messed,0.0
thrilling,0.0
emaciated,0.0
sensationalize,0.0
famished,0.0
misunderstandings,0.0
messes,0.0
impressiveness,0.0
clamor,0.0
bereft,0.0
goof,0.0
hurting,0.0
good,0.0
egotistically,0.0
disrespectful,0.0
goon,0.0
prejudices,0.0
undissolved,0.0
frigid,0.0
unauthentic,0.0
problematic,0.0
complain,0.0
mystery,0.0
bombard,0.0
evade,0.0
goofy,0.0
overacted,0.0
boisterous,0.0
inordinately,0.0
harboring,0.0
exquisite,0.0
harm,0.0
hard,0.0
engaging,0.0
muscle-flexing,0.0
fist,0.0
traitorous,0.0
childish,0.0
trivially,0.0
discouraging,0.0
dejectedly,0.0
avenge,0.0
fortitude,0.0
tiresome,0.0
disobedience,0.0
bully,0.0
laughably,0.0
stridently,0.0
pleasant,0.0
difficulty,0.0
entrancing,0.0
laughable,0.0
devilishly,0.0
benefits,0.0
omit,0.0
audacity,0.0
bragger,0.0
indebted,0.0
perturb,0.0
mistakenly,0.0
bullies,0.0
barbarian,0.0
humourous,0.0
scandalously,0.0
hatefulness,0.0
fiction,0.0
jabber,0.0
disown,0.0
precariously,0.0
indulgent,0.0
mercilessly,0.0
smoothes,0.0
smoother,0.0
revive,0.0
spendy,0.0
uproarious,0.0
fatique,0.0
sensation,0.0
favorable,0.0
prodigious,0.0
importunate,0.0
carnage,0.0
commiserate,0.0
spirited,0.0
low-price,0.0
ambitiously,0.0
unusual,0.0
ardent,0.0
forgetfully,0.0
murder,0.0
traumatically,0.0
disgustful,0.0
meltdown,0.0
insufferably,0.0
refute,0.0
flares,0.0
thrillingly,0.0
insufferable,0.0
serene,0.0
easygoing,0.0
adulatory,0.0
disconcerted,0.0
state-of-the-art,0.0
charm,0.0
significant,0.0
corrupts,0.0
goodwill,0.0
faithless,0.0
charitable,0.0
cramped,0.0
swelling,0.0
martyrdom-seeking,0.0
malignant,0.0
fine,0.0
defiler,0.0
nervous,0.0
ruin,0.0
unhappy,0.0
freedoms,0.0
idiots,0.0
spitefully,0.0
convoluted,0.0
eruptions,0.0
credulous,0.0
intractable,0.0
devastate,0.0
cheaper,0.0
zapped,0.0
cheapen,0.0
contagious,0.0
lividly,0.0
audiciously,0.0
unfettered,0.0
cynical,0.0
tender,0.0
petrify,0.0
cozy,0.0
misalign,0.0
quarrellous,0.0
fans,0.0
abrade,0.0
distraught,0.0
burned,0.0
complementary,0.0
masterful,0.0
figurehead,0.0
trustingly,0.0
incommensurate,0.0
egotism,0.0
defunct,0.0
indiscriminately,0.0
carelessness,0.0
quarrelsome,0.0
spiritless,0.0
upgraded,0.0
smother,0.0
panicking,0.0
unsuccessful,0.0
openness,0.0
supple,0.0
civilize,0.0
expensive,0.0
patiently,0.0
rock-star,0.0
frets,0.0
appall,0.0
faithfully,0.0
intrusive,0.0
pessimism,0.0
ineptitude,0.0
overthrow,0.0
enchantingly,0.0
cruelty,0.0
dissension,0.0
pricey,0.0
fretful,0.0
chatter,0.0
solid,0.0
grainy,0.0
fun,0.0
shoddy,0.0
heroically,0.0
violently,0.0
imperialist,0.0
drawbacks,0.0
astound,0.0
rancor,0.0
debaser,0.0
stubbornly,0.0
enervate,0.0
ruts,0.0
aches,0.0
facetiously,0.0
achey,0.0
dishonor,0.0
butcher,0.0
bristle,0.0
contravene,0.0
itch,0.0
latency,0.0
appreciable,0.0
timid,0.0
celebratory,0.0
unconfirmed,0.0
motionless,0.0
whores,0.0
energy-efficient,0.0
snobby,0.0
scummy,0.0
toil,0.0
recant,0.0
alluring,0.0
vindictive,0.0
ludicrous,0.0
profoundly,0.0
distracting,0.0
openly,0.0
irritable,0.0
dishonesty,0.0
superficial,0.0
washed-out,0.0
hated,0.0
excites,0.0
snag,0.0
impoverished,0.0
excited,0.0
hates,0.0
hater,0.0
ridiculously,0.0
displace,0.0
redeem,0.0
stirringly,0.0
terrorize,0.0
knock,0.0
blemish,0.0
beutifully,0.0
miff,0.0
immorally,0.0
clunky,0.0
neatest,0.0
mediocrity,0.0
foolish,0.0
transgress,0.0
humorous,0.0
extremism,0.0
magnificent,0.0
impeach,0.0
euphorically,0.0
extremist,0.0
strongest,0.0
insincere,0.0
culprit,0.0
defamation,0.0
proficient,0.0
pep,0.0
bogus,0.0
best-performing,0.0
dismally,0.0
inimical,0.0
depressions,0.0
taxing,0.0
wayward,0.0
peculiarly,0.0
effusive,0.0
hawkish,0.0
seriousness,0.0
inhumanity,0.0
conciliatory,0.0
harassed,0.0
abusive,0.0
harasses,0.0
inhospitable,0.0
obscenely,0.0
ghosting,0.0
downhill,0.0
delusional,0.0
calming,0.0
afflict,0.0
bores,0.0
overpower,0.0
infected,0.0
cashback,0.0
bored,0.0
tingled,0.0
errant,0.0
opponent,0.0
frenzied,0.0
discomfit,0.0
rejection,0.0
blockage,0.0
detachable,0.0
inestimable,0.0
halfhearted,0.0
aversion,0.0
autonomous,0.0
skittish,0.0
repulse,0.0
curt,0.0
nepotism,0.0
inexpertly,0.0
beckoning,0.0
deprive,0.0
cure,0.0
obtuse,0.0
dragging,0.0
denying,0.0
levity,0.0
adoring,0.0
cohesive,0.0
excuses,0.0
revulsive,0.0
dimmer,0.0
assassinate,0.0
accidental,0.0
luxurious,0.0
fervently,0.0
charming,0.0
phenomenally,0.0
gloatingly,0.0
sore,0.0
downcast,0.0
appalling,0.0
failures,0.0
offensiveness,0.0
traitorously,0.0
dogged,0.0
rants,0.0
wrangle,0.0
fascinatingly,0.0
intricate,0.0
exceptional,0.0
disintegration,0.0
unfaithful,0.0
overpriced,0.0
suave,0.0
fatal,0.0
nervousness,0.0
implausibly,0.0
confounding,0.0
startlingly,0.0
precarious,0.0
accuse,0.0
implausible,0.0
subservient,0.0
respectful,0.0
iniquity,0.0
shock,0.0
tenuously,0.0
insubordinate,0.0
choppy,0.0
bleeding,0.0
uncomfortably,0.0
uncomfortable,0.0
exuberant,0.0
lower-priced,0.0
depression,0.0
reconciliation,0.0
backaches,0.0
pittance,0.0
shemale,0.0
embroilment,0.0
nitpick,0.0
repudiation,0.0
nonexistent,0.0
nimble,0.0
licentiousness,0.0
sink,0.0
dissuade,0.0
discouragingly,0.0
imperfections,0.0
disparaging,0.0
conceit,0.0
contradiction,0.0
honor,0.0
abominate,0.0
limp,0.0
extravagance,0.0
beckon,0.0
proprietary,0.0
absurdness,0.0
dissonance,0.0
belittling,0.0
breakup,0.0
readable,0.0
seamless,0.0
demoralizingly,0.0
anti-semites,0.0
little-known,0.0
disgustingly,0.0
dispirited,0.0
disgust,0.0
malevolently,0.0
dripping,0.0
insufficiency,0.0
deviousness,0.0
magnanimous,0.0
tattered,0.0
eccentricity,0.0
enviously,0.0
unforgiving,0.0
nightmarishly,0.0
conscons,0.0
unscrupulously,0.0
jeers,0.0
ebullience,0.0
gruff,0.0
exhilaration,0.0
unreal,0.0
praise,0.0
immoderate,0.0
effectively,0.0
languorously,0.0
fulfillment,0.0
recklessly,0.0
exorbitantly,0.0
contempt,0.0
magnificently,0.0
daring,0.0
get-rich,0.0
apocalypse,0.0
pleasing,0.0
winners,0.0
gainfully,0.0
villainously,0.0
occlude,0.0
incompetence,0.0
impenitent,0.0
bothered,0.0
criticized,0.0
lecher,0.0
regally,0.0
tamper,0.0
furious,0.0
resurgent,0.0
languorous,0.0
ricer,0.0
disarm,0.0
flattering,0.0
fertile,0.0
unquestionable,0.0
nasty,0.0
mordantly,0.0
industrious,0.0
braggart,0.0
winning,0.0
willing,0.0
revives,0.0
criminal,0.0
bountiful,0.0
lunatic,0.0
wows,0.0
muddle,0.0
self-satisfaction,0.0
";   Minqing Hu and Bing Liu. ""Mining and Summarizing Customer Reviews."" ",0.0
kindness,0.0
squabbling,0.0
struggled,0.0
thrill,0.0
estranged,0.0
deplore,0.0
radiant,0.0
irrelevance,0.0
sully,0.0
sneering,0.0
satisified,0.0
disregard,0.0
monumentally,0.0
licentiously,0.0
rantingly,0.0
flair,0.0
thwart,0.0
puppets,0.0
bluring,0.0
repress,0.0
invective,0.0
insolvent,0.0
fondly,0.0
marvelled,0.0
solicitously,0.0
";       2005, Chiba, Japan.",0.0
upbraid,0.0
retards,0.0
delinquency,0.0
bleed,0.0
dissatisfactory,0.0
unskilled,0.0
peeve,0.0
deprived,0.0
grieving,0.0
facilitate,0.0
whooa,0.0
handier,0.0
finest,0.0
sack,0.0
madden,0.0
improvements,0.0
puppet,0.0
pauper,0.0
frazzle,0.0
sadly,0.0
vulgar,0.0
unspecified,0.0
lamentable,0.0
immovable,0.0
lamentably,0.0
scant,0.0
ferocity,0.0
inestimably,0.0
agonies,0.0
smolder,0.0
writhe,0.0
dreary,0.0
absent-minded,0.0
reaffirm,0.0
loved,0.0
glamorous,0.0
jaw-droping,0.0
slack,0.0
brusque,0.0
spookiest,0.0
calamity,0.0
halcyon,0.0
propagandize,0.0
loves,0.0
lover,0.0
undamaged,0.0
imaginative,0.0
tidy,0.0
comfortable,0.0
comfortably,0.0
pitiable,0.0
unlikely,0.0
sporadic,0.0
misaligned,0.0
haywire,0.0
skillful,0.0
rejects,0.0
concerns,0.0
effusiveness,0.0
autocratic,0.0
savages,0.0
bemused,0.0
womanizer,0.0
disappointments,0.0
savaged,0.0
prisoner,0.0
hoodwink,0.0
inexorable,0.0
downbeat,0.0
heartening,0.0
enthusiastic,0.0
absurd,0.0
skinny,0.0
contemptuous,0.0
inexorably,0.0
deject,0.0
supported,0.0
vengefulness,0.0
antiquated,0.0
traitor,0.0
slanderer,0.0
rebuke,0.0
sidetrack,0.0
supporter,0.0
inspiring,0.0
madman,0.0
ambiguity,0.0
tainted,0.0
inferior,0.0
head-aches,0.0
delirious,0.0
unbeatable,0.0
perfection,0.0
exultant,0.0
romantic,0.0
awkwardness,0.0
upseting,0.0
eyecatch,0.0
defame,0.0
dripped,0.0
amiabily,0.0
craven,0.0
enhances,0.0
omission,0.0
subsidizing,0.0
showdown,0.0
inexplainable,0.0
enhanced,0.0
vilify,0.0
imposition,0.0
beg,0.0
difficulties,0.0
derisively,0.0
tediously,0.0
smilingly,0.0
sorrow,0.0
grumble,0.0
regretful,0.0
calamitously,0.0
enflame,0.0
empathy,0.0
sharply,0.0
asunder,0.0
joke,0.0
assure,0.0
insidious,0.0
dirts,0.0
glorious,0.0
vent,0.0
inflammatory,0.0
invasive,0.0
commend,0.0
monstrosity,0.0
flourishing,0.0
instigators,0.0
fright,0.0
electrify,0.0
muddy,0.0
seasoned,0.0
upbeat,0.0
anomaly,0.0
perplexed,0.0
overwhelmingly,0.0
spoilled,0.0
dispiritedly,0.0
tenderly,0.0
tense,0.0
sardonically,0.0
remorsefully,0.0
vivacious,0.0
demoralize,0.0
venomous,0.0
supurb,0.0
frustrating,0.0
amenity,0.0
likable,0.0
bicker,0.0
chaotic,0.0
dissent,0.0
delusion,0.0
helped,0.0
creak,0.0
well-behaved,0.0
regression,0.0
tumbled,0.0
eulogize,0.0
richness,0.0
indistinguishable,0.0
defiant,0.0
sugar-coated,0.0
tumbles,0.0
garish,0.0
bullying,0.0
besmirch,0.0
obstructs,0.0
raping,0.0
pampered,0.0
chastisement,0.0
disoriented,0.0
exceedingly,0.0
raving,0.0
intransigence,0.0
inveigle,0.0
surpass,0.0
impaired,0.0
hypocritically,0.0
stressfully,0.0
confusions,0.0
smart,0.0
miscalculate,0.0
testy,0.0
punctual,0.0
audibly,0.0
displaced,0.0
vibrant,0.0
laconic,0.0
works,0.0
bafflement,0.0
audible,0.0
accessible,0.0
crazily,0.0
hail,0.0
recommendation,0.0
proper,0.0
supportive,0.0
stuffy,0.0
shrug,0.0
economical,0.0
ripped,0.0
comical,0.0
ironies,0.0
noise,0.0
combative,0.0
stellar,0.0
expire,0.0
pepped,0.0
worthy,0.0
misbecoming,0.0
jobless,0.0
inconsiderate,0.0
smartly,0.0
flake,0.0
flaky,0.0
obnoxiously,0.0
baseless,0.0
faithfulness,0.0
droop,0.0
obliterated,0.0
chronic,0.0
cancerous,0.0
wack,0.0
stainless,0.0
buckle,0.0
adversarial,0.0
awarded,0.0
enticed,0.0
stimulative,0.0
glimmer,0.0
touted,0.0
glib,0.0
tricky,0.0
amity,0.0
plague,0.0
bum,0.0
contemptuously,0.0
bug,0.0
versatile,0.0
neurotically,0.0
wise,0.0
glory,0.0
dangerous,0.0
mists,0.0
jealousness,0.0
desititute,0.0
examplar,0.0
excruciatingly,0.0
supreme,0.0
unaffordable,0.0
maliciously,0.0
pig,0.0
mysteriously,0.0
unintelligible,0.0
surreal,0.0
puzzlement,0.0
insupportable,0.0
wallow,0.0
gloriously,0.0
insupportably,0.0
anti-us,0.0
limited,0.0
disarray,0.0
sleek,0.0
slogs,0.0
hating,0.0
hate,0.0
inexpert,0.0
undisputed,0.0
violate,0.0
cushy,0.0
unbearablely,0.0
rankle,0.0
tenacity,0.0
pride,0.0
rascals,0.0
divergent,0.0
lure,0.0
risk,0.0
despondency,0.0
lurk,0.0
gratification,0.0
despondence,0.0
anemic,0.0
ovation,0.0
harried,0.0
tarnishing,0.0
flashy,0.0
delightfully,0.0
enjoy,0.0
veritable,0.0
overdo,0.0
reprehension,0.0
consistent,0.0
excelled,0.0
louder,0.0
emptiness,0.0
solemn,0.0
liberty,0.0
insinuate,0.0
mischievous,0.0
endorse,0.0
non-violence,0.0
prate,0.0
ultimatums,0.0
ulterior,0.0
feisty,0.0
smuttiest,0.0
humility,0.0
shortness,0.0
rubbish,0.0
hideously,0.0
ridicule,0.0
well-bred,0.0
displeasing,0.0
adulterier,0.0
loveless,0.0
patience,0.0
ridicules,0.0
unfunded,0.0
detesting,0.0
incautious,0.0
torment,0.0
slaughtered,0.0
blather,0.0
barbarous,0.0
naive,0.0
phony,0.0
grief,0.0
ardently,0.0
excellent,0.0
diatribes,0.0
ecenomical,0.0
cheapest,0.0
tremendously,0.0
deficiencies,0.0
quarrel,0.0
defile,0.0
ingenuity,0.0
excallent,0.0
guarantee,0.0
collude,0.0
scolding,0.0
bunk,0.0
vagrant,0.0
accusations,0.0
toxic,0.0
infamously,0.0
swiftness,0.0
badly,0.0
brutalizing,0.0
mispronounce,0.0
mess,0.0
pokey,0.0
breathlessness,0.0
delicacy,0.0
irrationalities,0.0
astoundingly,0.0
uproot,0.0
splendid,0.0
reforming,0.0
unsteady,0.0
deform,0.0
fiendish,0.0
outshine,0.0
strangle,0.0
undid,0.0
destroyer,0.0
hypocrisy,0.0
polluters,0.0
tramp,0.0
entranced,0.0
stifling,0.0
smouldering,0.0
litigious,0.0
elated,0.0
powerful,0.0
misdirection,0.0
unsupported,0.0
disreputable,0.0
gloom,0.0
cronyism,0.0
shadowy,0.0
explode,0.0
frantically,0.0
capricious,0.0
victory,0.0
fecilitous,0.0
elatedly,0.0
prohibit,0.0
wariness,0.0
laud,0.0
dispiriting,0.0
truant,0.0
depress,0.0
fraught,0.0
fevers,0.0
unabashed,0.0
heavenly,0.0
bitingly,0.0
hang,0.0
free,0.0
masterpiece,0.0
damper,0.0
stringently,0.0
disregardful,0.0
jubilant,0.0
inexpensive,0.0
heck,0.0
hopeless,0.0
aspire,0.0
wowed,0.0
dunce,0.0
officious,0.0
lovably,0.0
encouraging,0.0
lovable,0.0
rant,0.0
smugly,0.0
sober,0.0
sharpest,0.0
slanderously,0.0
cheerless,0.0
revival,0.0
sarcasm,0.0
indeterminate,0.0
euphoric,0.0
euphoria,0.0
overact,0.0
wildly,0.0
militancy,0.0
insightful,0.0
illiterate,0.0
indiscreet,0.0
villianous,0.0
leaking,0.0
conspicuously,0.0
flimflam,0.0
inarticulate,0.0
mercifully,0.0
rampage,0.0
bloated,0.0
thumb-down,0.0
boil,0.0
forceful,0.0
unrest,0.0
outperforms,0.0
screwy,0.0
wripping,0.0
unaffected,0.0
spade,0.0
relapse,0.0
apprehensively,0.0
isolated,0.0
elegance,0.0
snob,0.0
effectiveness,0.0
propitious,0.0
inexcusably,0.0
visionary,0.0
unorthodox,0.0
inexcusable,0.0
glow,0.0
lifesaver,0.0
devastating,0.0
skeptic,0.0
orderly,0.0
reputation,0.0
inaccuracies,0.0
; Opinion Lexicon: Negative,0.0
entertaining,0.0
bait,0.0
inspire,0.0
marveled,0.0
endear,0.0
dupe,0.0
queer,0.0
sags,0.0
thumbs-down,0.0
spite,0.0
delays,0.0
excitedly,0.0
enslave,0.0
hardball,0.0
continuity,0.0
dignify,0.0
hostility,0.0
baffle,0.0
ultimatum,0.0
considerate,0.0
overbearing,0.0
subservience,0.0
anxiously,0.0
collusion,0.0
idiotic,0.0
enraging,0.0
large-capacity,0.0
boring,0.0
ruins,0.0
fragrant,0.0
wrest,0.0
skeptically,0.0
inapt,0.0
desolately,0.0
corrupt,0.0
disturbing,0.0
outbreak,0.0
crowdedness,0.0
immaculately,0.0
temptation,0.0
startle,0.0
deceptively,0.0
smutty,0.0
incomprehension,0.0
adventuresome,0.0
confusion,0.0
juddering,0.0
weak,0.0
contort,0.0
devout,0.0
contamination,0.0
blasted,0.0
improve,0.0
irregular,0.0
deceitfully,0.0
fault,0.0
precipitous,0.0
harridan,0.0
hypocrites,0.0
gainsayer,0.0
escapade,0.0
self-respect,0.0
epidemic,0.0
hands-down,0.0
majestic,0.0
hysterically,0.0
incomparable,0.0
foully,0.0
beneficiary,0.0
confident,0.0
miraculously,0.0
incomparably,0.0
refuted,0.0
overawe,0.0
fleeting,0.0
bereavement,0.0
well-run,0.0
refutes,0.0
terrible,0.0
apprehension,0.0
semi-retarded,0.0
inviolable,0.0
strangest,0.0
enmity,0.0
ugliest,0.0
niggles,0.0
subjugate,0.0
cracked,0.0
acridly,0.0
provocative,0.0
unfortunate,0.0
honorable,0.0
submissive,0.0
dazzled,0.0
misaligns,0.0
wound,0.0
enlightenment,0.0
complex,0.0
breaks,0.0
unyielding,0.0
groundbreaking,0.0
positives,0.0
incredulously,0.0
incapably,0.0
gabble,0.0
savings,0.0
impediment,0.0
greatest,0.0
incapable,0.0
admiringly,0.0
bruise,0.0
uncooperative,0.0
enlighten,0.0
vibration,0.0
overemphasize,0.0
rumor,0.0
pitiful,0.0
tolerable,0.0
trashed,0.0
erratically,0.0
spoilages,0.0
salacious,0.0
brainiest,0.0
addicts,0.0
bungling,0.0
deprave,0.0
burns,0.0
advanced,0.0
peeved,0.0
conspiratorial,0.0
brutality,0.0
zeal,0.0
contradict,0.0
gifted,0.0
dishonest,0.0
unsuspecting,0.0
splendor,0.0
arbitrary,0.0
hung,0.0
sweeten,0.0
stereotype,0.0
detraction,0.0
frustrations,0.0
accost,0.0
insincerely,0.0
displeasure,0.0
lapsed,0.0
exhausts,0.0
prejudicial,0.0
remorselessness,0.0
overrated,0.0
hegemonistic,0.0
staunchly,0.0
idolized,0.0
endorsing,0.0
limitation,0.0
attacks,0.0
choke,0.0
trustworthy,0.0
undocumented,0.0
misleading,0.0
genocide,0.0
blabber,0.0
primitive,0.0
froze,0.0
low-cost,0.0
lavishly,0.0
obscene,0.0
uncontrolled,0.0
finely,0.0
over-acted,0.0
misjudgment,0.0
disinterest,0.0
lags,0.0
gimmicked,0.0
simplistically,0.0
questionable,0.0
intolerance,0.0
successfully,0.0
abysmal,0.0
heal,0.0
deny,0.0
heinous,0.0
illuminating,0.0
satisfactorily,0.0
tacky,0.0
luxuriant,0.0
admiration,0.0
heartwarming,0.0
bargain,0.0
ruined,0.0
adore,0.0
panicky,0.0
impropriety,0.0
fury,0.0
sinful,0.0
suspicions,0.0
ill-natured,0.0
despotism,0.0
acclaimed,0.0
believable,0.0
annoying,0.0
blatantly,0.0
radically,0.0
upheaval,0.0
faithful,0.0
contaminating,0.0
stagnant,0.0
complicit,0.0
soundly,0.0
erosion,0.0
squeals,0.0
subsidize,0.0
miscellaneous,0.0
perversity,0.0
scorchingly,0.0
scratchy,0.0
faster,0.0
whoooa,0.0
intimacy,0.0
backward,0.0
premeditated,0.0
hardheaded,0.0
dispirit,0.0
leads,0.0
irrecoverablenesses,0.0
remarkably,0.0
rot,0.0
empathize,0.0
quash,0.0
weakening,0.0
outmoded,0.0
pleases,0.0
advantage,0.0
exalted,0.0
unavoidably,0.0
unfamiliar,0.0
sloppy,0.0
untenable,0.0
tanks,0.0
cool,0.0
incitement,0.0
impressive,0.0
enthuse,0.0
cloudy,0.0
invidious,0.0
encroach,0.0
better-than-expected,0.0
invader,0.0
obsolete,0.0
comforting,0.0
irritated,0.0
distaste,0.0
stressful,0.0
stately,0.0
deluded,0.0
cripples,0.0
entertain,0.0
crippled,0.0
angriness,0.0
standout,0.0
healthy,0.0
guilty,0.0
law-abiding,0.0
denunciation,0.0
gorgeously,0.0
winner,0.0
humour,0.0
pessimistically,0.0
brighten,0.0
";   Bing Liu, Minqing Hu and Junsheng Cheng. ""Opinion Observer: Analyzing ",0.0
paralyzed,0.0
scam,0.0
smallish,0.0
crisis,0.0
vivid,0.0
confounded,0.0
rejuvenating,0.0
ravage,0.0
upheld,0.0
expeditiously,0.0
unwarranted,0.0
trophy,0.0
smudged,0.0
bombastic,0.0
dilly-dally,0.0
demonized,0.0
downhearted,0.0
dismal,0.0
smudges,0.0
demonizes,0.0
spoilage,0.0
degradingly,0.0
unruly,0.0
batty,0.0
unconditional,0.0
geeky,0.0
deservedly,0.0
corrupted,0.0
downfall,0.0
righteousness,0.0
inexperience,0.0
critic,0.0
topple,0.0
provoke,0.0
intelligible,0.0
scar,0.0
eloquent,0.0
meager,0.0
infringements,0.0
endorsement,0.0
irascible,0.0
unbelievable,0.0
paramount,0.0
irrational,0.0
crashes,0.0
fascist,0.0
scoff,0.0
distastefully,0.0
fascism,0.0
heartbreaking,0.0
inconsequentially,0.0
unbelievably,0.0
disheartening,0.0
awkward,0.0
succeeded,0.0
direness,0.0
stupidly,0.0
amuse,0.0
sermonize,0.0
infidels,0.0
impartially,0.0
refund,0.0
accolades,0.0
pre-eminent,0.0
anxiousness,0.0
swank,0.0
paradoxically,0.0
unsettlingly,0.0
swindle,0.0
loophole,0.0
struggling,0.0
lonely,0.0
condescendingly,0.0
devastated,0.0
flareups,0.0
qualified,0.0
vexingly,0.0
devastates,0.0
stabilize,0.0
realistic,0.0
accomplishments,0.0
subjection,0.0
wearisome,0.0
nettlesome,0.0
gape,0.0
busts,0.0
inopportune,0.0
tumultuous,0.0
obsession,0.0
hysteric,0.0
hiliarious,0.0
infuriated,0.0
inadequacy,0.0
tetchy,0.0
bugging,0.0
oasis,0.0
skillfully,0.0
hobble,0.0
nightmarish,0.0
delude,0.0
flare,0.0
disillusionment,0.0
impose,0.0
gusto,0.0
best-known,0.0
brutalize,0.0
discontinued,0.0
feign,0.0
simplifies,0.0
incongruous,0.0
awfully,0.0
clumsy,0.0
simplified,0.0
disinterested,0.0
haggle,0.0
fortuitous,0.0
persecute,0.0
unreachable,0.0
hug,0.0
hum,0.0
indoctrinate,0.0
hurtful,0.0
refuse,0.0
stylized,0.0
mawkishly,0.0
ill-advised,0.0
chintzy,0.0
petrified,0.0
bewitch,0.0
tawdry,0.0
dirt-cheap,0.0
diplomatic,0.0
dissapointed,0.0
poeticize,0.0
dispensable,0.0
pry,0.0
prosperity,0.0
astonishingly,0.0
fracture,0.0
blunt,0.0
commonplace,0.0
selfinterested,0.0
agilely,0.0
impulsively,0.0
betrayal,0.0
clearer,0.0
remunerate,0.0
falls,0.0
boiling,0.0
cleared,0.0
proud,0.0
unwisely,0.0
ultra-hardline,0.0
drastically,0.0
cheat,0.0
allegations,0.0
hack,0.0
painlessly,0.0
hustler,0.0
favor,0.0
shimmer,0.0
crime,0.0
well-wishers,0.0
swamped,0.0
fickle,0.0
energy-saving,0.0
deign,0.0
humiliate,0.0
thankful,0.0
heartfelt,0.0
begging,0.0
lighter,0.0
hedge,0.0
treachery,0.0
cautionary,0.0
freaking,0.0
pinnacle,0.0
outperform,0.0
obliterate,0.0
impolite,0.0
joker,0.0
barbaric,0.0
dawdle,0.0
unlicensed,0.0
imposing,0.0
uneconomical,0.0
slashing,0.0
underpaid,0.0
fails,0.0
crooked,0.0
belittled,0.0
hiss,0.0
simplifying,0.0
ineloquently,0.0
untrustworthy,0.0
recourses,0.0
unappealing,0.0
rumours,0.0
fearless,0.0
cheap,0.0
disrespectfully,0.0
disdainful,0.0
floundering,0.0
harshly,0.0
indiscriminate,0.0
realizable,0.0
gimmicky,0.0
successes,0.0
murderously,0.0
gimmicks,0.0
quiet,0.0
jitter,0.0
resentment,0.0
bizarre,0.0
skeletons,0.0
runaway,0.0
lame-duck,0.0
stylishly,0.0
craftly,0.0
peaceful,0.0
confessions,0.0
enraptured,0.0
exasperate,0.0
blessing,0.0
wretched,0.0
mocking,0.0
attentive,0.0
irrelevant,0.0
diligent,0.0
tentatively,0.0
amiability,0.0
sub-par,0.0
contrive,0.0
dissident,0.0
inconsequently,0.0
ironic,0.0
treacherously,0.0
resentful,0.0
erroneously,0.0
breathtakingly,0.0
injurious,0.0
moronic,0.0
willingly,0.0
disadvantages,0.0
applaud,0.0
refusal,0.0
lambast,0.0
disadvantaged,0.0
devoid,0.0
delicate,0.0
unqualified,0.0
weep,0.0
togetherness,0.0
longing,0.0
purposeful,0.0
delectable,0.0
magical,0.0
melodramatic,0.0
relief,0.0
inability,0.0
offensively,0.0
flakey,0.0
capriciousness,0.0
desolate,0.0
unconstitutional,0.0
lavish,0.0
violent,0.0
pariah,0.0
kill,0.0
perilous,0.0
blow,0.0
dauntless,0.0
asininely,0.0
all-around,0.0
dumbfounding,0.0
rosy,0.0
poised,0.0
backbite,0.0
disrupt,0.0
subversively,0.0
kills,0.0
inordinate,0.0
confined,0.0
glitches,0.0
standstill,0.0
exquisitely,0.0
dishonorablely,0.0
wrongful,0.0
substandard,0.0
well-received,0.0
shunned,0.0
shortcoming,0.0
redeeming,0.0
prolific,0.0
renounce,0.0
douchebag,0.0
dauntingly,0.0
slick,0.0
unmatched,0.0
crueler,0.0
subjugation,0.0
compulsion,0.0
freed,0.0
welcome,0.0
illogic,0.0
arduously,0.0
slaughter,0.0
polite,0.0
pricier,0.0
prattle,0.0
baffled,0.0
subdued,0.0
zealous,0.0
jeer,0.0
scornful,0.0
disintegrate,0.0
annoyances,0.0
curses,0.0
cursed,0.0
calamities,0.0
strictly,0.0
racism,0.0
strict,0.0
racist,0.0
dislocated,0.0
gibe,0.0
mischief,0.0
tranquility,0.0
regard,0.0
strenuous,0.0
condemnable,0.0
fabricate,0.0
job-killing,0.0
extermination,0.0
merriness,0.0
ineffectually,0.0
self-interested,0.0
sleazy,0.0
";       Washington, USA, ",0.0
ruffian,0.0
stiflingly,0.0
grumpily,0.0
cringed,0.0
high-spirited,0.0
fallaciousness,0.0
accusingly,0.0
ingeniously,0.0
cringes,0.0
incorrect,0.0
abyss,0.0
onerous,0.0
idiot,0.0
loyal,0.0
stumbles,0.0
heathen,0.0
starkly,0.0
sucked,0.0
trash,0.0
dismayed,0.0
sufficient,0.0
deviation,0.0
brash,0.0
jaded,0.0
conspiracies,0.0
embattled,0.0
manipulate,0.0
despoil,0.0
courtly,0.0
unresponsive,0.0
dextrous,0.0
uglier,0.0
villianously,0.0
disagreeing,0.0
treason,0.0
crumpled,0.0
diss,0.0
lack,0.0
antagonize,0.0
crumples,0.0
defamations,0.0
wanton,0.0
remarkable,0.0
homage,0.0
subjected,0.0
extraneous,0.0
revengeful,0.0
dazzling,0.0
debauch,0.0
problem-solver,0.0
worse,0.0
equivocal,0.0
infringement,0.0
facetious,0.0
fat,0.0
inflammed,0.0
worst,0.0
awful,0.0
gainsay,0.0
ranting,0.0
wilt,0.0
undone,0.0
liars,0.0
conflicted,0.0
pathetic,0.0
advantageous,0.0
whimper,0.0
rascal,0.0
eminent,0.0
crush,0.0
faltered,0.0
disillusions,0.0
passiveness,0.0
overstatement,0.0
decrepitude,0.0
hopelessness,0.0
tiringly,0.0
tragedy,0.0
thrift,0.0
graciousness,0.0
misinterpret,0.0
extraordinary,0.0
infringe,0.0
horrified,0.0
stiffness,0.0
gleeful,0.0
impolitic,0.0
fearfully,0.0
fatuously,0.0
snub,0.0
unthinkably,0.0
faint,0.0
tyrannically,0.0
irritate,0.0
affluence,0.0
flaw,0.0
mire,0.0
stutter,0.0
dissonantly,0.0
drips,0.0
hissed,0.0
amputate,0.0
nitpicking,0.0
flak,0.0
domineer,0.0
discordance,0.0
imprecisely,0.0
irritations,0.0
ineffectual,0.0
perverts,0.0
atrocious,0.0
challenging,0.0
retardedness,0.0
conspire,0.0
coerce,0.0
dubiously,0.0
allege,0.0
insignificantly,0.0
desperation,0.0
acrimony,0.0
breaking,0.0
goad,0.0
overbalance,0.0
acerbate,0.0
weaknesses,0.0
preoccupy,0.0
panoramic,0.0
disable,0.0
numb,0.0
shortcomings,0.0
obstinately,0.0
prefers,0.0
groundless,0.0
retaliate,0.0
admonishment,0.0
cruelties,0.0
outrages,0.0
dissatisfy,0.0
sloow,0.0
disabled,0.0
outraged,0.0
quarrels,0.0
flaunt,0.0
disagreed,0.0
jollify,0.0
temptingly,0.0
susceptible,0.0
prodigy,0.0
harmless,0.0
disagrees,0.0
ebulliently,0.0
fallaciously,0.0
generously,0.0
unusable,0.0
belittle,0.0
adventurous,0.0
ruthlessness,0.0
refresh,0.0
inequality,0.0
grandeur,0.0
difficult,0.0
intolerable,0.0
steeply,0.0
needless,0.0
beneficent,0.0
inflict,0.0
dubitable,0.0
inflated,0.0
reverent,0.0
reactionary,0.0
foolproof,0.0
disquiet,0.0
bellicose,0.0
disbeliever,0.0
paradise,0.0
congenial,0.0
snappishly,0.0
cashbacks,0.0
monotony,0.0
blister,0.0
stampede,0.0
over-awe,0.0
exaltedly,0.0
prejudice,0.0
threat,0.0
fallen,0.0
ding,0.0
unhealthy,0.0
radical,0.0
fancy,0.0
well-known,0.0
defects,0.0
soapy,0.0
bland,0.0
slower,0.0
regret,0.0
moan,0.0
scathing,0.0
leading,0.0
2-faces,0.0
comfy,0.0
hangs,0.0
doomsday,0.0
steals,0.0
2-faced,0.0
headache,0.0
record-setting,0.0
repetitive,0.0
imperfect,0.0
pains,0.0
indecisively,0.0
fidget,0.0
versatility,0.0
nagging,0.0
slowed,0.0
outrageous,0.0
stall,0.0
risks,0.0
insulted,0.0
stale,0.0
restful,0.0
risky,0.0
unrelenting,0.0
cleaner,0.0
scarcity,0.0
outstanding,0.0
suspicious,0.0
decadent,0.0
engulf,0.0
vileness,0.0
gall,0.0
hopelessly,0.0
interferes,0.0
lackadaisical,0.0
indiscernible,0.0
instigator,0.0
back-logged,0.0
pillage,0.0
inconvenience,0.0
miserly,0.0
excels,0.0
prestige,0.0
achievement,0.0
satirical,0.0
hindrance,0.0
liberate,0.0
lying,0.0
left-leaning,0.0
niggle,0.0
fond,0.0
stumped,0.0
inflexible,0.0
felon,0.0
aggravate,0.0
delinquent,0.0
unrealistic,0.0
cruelness,0.0
grotesque,0.0
penalty,0.0
shamefulness,0.0
betray,0.0
gains,0.0
babble,0.0
avarice,0.0
fastest,0.0
savagery,0.0
grievances,0.0
terror-genic,0.0
noises,0.0
sustainable,0.0
; Opinion Lexicon: Positive,0.0
cringe,0.0
relentless,0.0
insensible,0.0
loveliness,0.0
stump,0.0
martyrdom,0.0
mischievously,0.0
intelligence,0.0
procrastinates,0.0
dumb,0.0
fat-cats,0.0
cleverly,0.0
sh*t,0.0
glistening,0.0
blurt,0.0
forlorn,0.0
inefficacious,0.0
beautifullly,0.0
blurs,0.0
degrading,0.0
jaundiced,0.0
downturn,0.0
corruption,0.0
betrayer,0.0
counter-productive,0.0
succeed,0.0
opposition,0.0
lyrical,0.0
ignominy,0.0
hesitant,0.0
blissfully,0.0
fractious,0.0
sloth,0.0
distress,0.0
sweet,0.0
improper,0.0
regretfully,0.0
acrid,0.0
distrusting,0.0
simpler,0.0
bolster,0.0
decline,0.0
complication,0.0
overlook,0.0
dud,0.0
acrimoniously,0.0
whoa,0.0
affectionate,0.0
evildoer,0.0
dropout,0.0
imprudence,0.0
swanky,0.0
goodly,0.0
well-mannered,0.0
stolen,0.0
frozen,0.0
civility,0.0
corrode,0.0
mordant,0.0
credence,0.0
obtrusive,0.0
rip,0.0
disappointing,0.0
ecstasy,0.0
obstacle,0.0
frantic,0.0
anguish,0.0
lengthy,0.0
mawkish,0.0
stimulates,0.0
itchy,0.0
painless,0.0
impede,0.0
robust,0.0
uneasily,0.0
infiltrator,0.0
cheer,0.0
inspirational,0.0
grievance,0.0
altruistic,0.0
competitive,0.0
inactive,0.0
vigilant,0.0
gems,0.0
illusions,0.0
resourcefulness,0.0
spoonfed,0.0
erudite,0.0
tormented,0.0
dirtbag,0.0
complaint,0.0
complains,0.0
loss,0.0
discriminatory,0.0
unlimited,0.0
self-sufficiency,0.0
smudging,0.0
moody,0.0
skeptical,0.0
flabbergasted,0.0
bribery,0.0
ignore,0.0
uproar,0.0
aggravation,0.0
unstable,0.0
entice,0.0
hallmark,0.0
fucking,0.0
embroil,0.0
disinclined,0.0
selfishness,0.0
sprightly,0.0
pros,0.0
ill-mannered,0.0
wrong,0.0
stingy,0.0
apathetic,0.0
jumpy,0.0
refused,0.0
zombie,0.0
gracelessly,0.0
refuses,0.0
peevishly,0.0
intense,0.0
sporty,0.0
tortuous,0.0
ordeal,0.0
frightful,0.0
lifeless,0.0
hatred,0.0
complimentary,0.0
bleeds,0.0
youthful,0.0
credible,0.0
incoherence,0.0
heedless,0.0
stench,0.0
impressed,0.0
warned,0.0
tumble,0.0
lone,0.0
fast,0.0
destains,0.0
impresses,0.0
statuesque,0.0
oddities,0.0
mundane,0.0
forlornly,0.0
perplexing,0.0
audacious,0.0
reassurance,0.0
usurp,0.0
forbidding,0.0
user-replaceable,0.0
mystify,0.0
patriot,0.0
hideousness,0.0
full-blown,0.0
fried,0.0
freak,0.0
worthwhile,0.0
dismay,0.0
divisive,0.0
warning,0.0
disappoints,0.0
lemon,0.0
peach,0.0
tentative,0.0
evils,0.0
inequities,0.0
peace,0.0
seething,0.0
defrauding,0.0
unjustifiable,0.0
mock,0.0
nice,0.0
smitten,0.0
backbone,0.0
problems,0.0
helping,0.0
inflame,0.0
wrinkle,0.0
rightful,0.0
suffers,0.0
happier,0.0
vice,0.0
impatient,0.0
irksomenesses,0.0
pervert,0.0
resistance,0.0
hellion,0.0
misreading,0.0
discordant,0.0
issues,0.0
rigidity,0.0
deviously,0.0
uphold,0.0
hoodium,0.0
dissidents,0.0
obstinate,0.0
stable,0.0
barbarically,0.0
breach,0.0
blandish,0.0
steadiest,0.0
drop-outs,0.0
disquieting,0.0
spook,0.0
incoherent,0.0
fast-paced,0.0
gullible,0.0
tenderness,0.0
jaw-dropping,0.0
idealize,0.0
outdo,0.0
friendliness,0.0
pleas,0.0
hinder,0.0
abominably,0.0
dissembler,0.0
malice,0.0
abominable,0.0
unavailable,0.0
outsmart,0.0
concessions,0.0
bearish,0.0
relent,0.0
gaily,0.0
uncollectible,0.0
insouciance,0.0
sexy,0.0
polution,0.0
miser,0.0
survivor,0.0
distressed,0.0
trivialize,0.0
acridness,0.0
chaste,0.0
miscreant,0.0
forbid,0.0
confession,0.0
improbably,0.0
improbable,0.0
droops,0.0
doubtfully,0.0
trump,0.0
procrastinate,0.0
scariest,0.0
bitterly,0.0
clever,0.0
fiend,0.0
impress,0.0
infection,0.0
steadfastly,0.0
virulence,0.0
faultless,0.0
posturing,0.0
annoy,0.0
disingenuous,0.0
feebleminded,0.0
recessionary,0.0
aweful,0.0
indulgence,0.0
overpayed,0.0
earnestness,0.0
rapt,0.0
condescend,0.0
prowess,0.0
rape,0.0
galls,0.0
syndrome,0.0
buoyant,0.0
embarrassingly,0.0
struggles,0.0
fortunate,0.0
unquestionably,0.0
danken,0.0
undersized,0.0
grudgingly,0.0
panic,0.0
sin,0.0
cliched,0.0
tension,0.0
restructured,0.0
detests,0.0
unwavering,0.0
hazard,0.0
impulsive,0.0
discomfort,0.0
abuse,0.0
unnaturally,0.0
arduous,0.0
malevolence,0.0
courage,0.0
disrespecting,0.0
irregularity,0.0
violator,0.0
contaminates,0.0
unjustified,0.0
beguile,0.0
tyrant,0.0
indignantly,0.0
contaminated,0.0
dismaying,0.0
superior,0.0
goading,0.0
glee,0.0
lech,0.0
inconsistencies,0.0
fustigate,0.0
crash,0.0
contention,0.0
multi-purpose,0.0
flout,0.0
negligent,0.0
nurturing,0.0
flee,0.0
diabolic,0.0
crass,0.0
bewilderment,0.0
measly,0.0
profound,0.0
enviable,0.0
eased,0.0
devilment,0.0
unpredictable,0.0
admonisher,0.0
trap,0.0
enviably,0.0
dogmatic,0.0
champ,0.0
eases,0.0
erratic,0.0
tepid,0.0
upliftingly,0.0
lesser-known,0.0
vehement,0.0
unencumbered,0.0
chaos,0.0
impartial,0.0
thrifty,0.0
disapointed,0.0
brilliantly,0.0
supports,0.0
integrated,0.0
despairing,0.0
clouding,0.0
promptly,0.0
heartbreaker,0.0
halfheartedly,0.0
implode,0.0
conflicts,0.0
;    2. You will notice many misspelled words in the list. They are not ,0.0
spookily,0.0
overtake,0.0
crashed,0.0
feasible,0.0
illicit,0.0
feasibly,0.0
barbarity,0.0
biting,0.0
astutely,0.0
bulky,0.0
obscurity,0.0
bleakness,0.0
felicitous,0.0
listless,0.0
hurted,0.0
salutary,0.0
glisten,0.0
unknown,0.0
misinformed,0.0
misunderstood,0.0
agility,0.0
doomed,0.0
shallow,0.0
astounded,0.0
vague,0.0
bashed,0.0
objectionable,0.0
isolation,0.0
anti-proliferation,0.0
richer,0.0
frugal,0.0
squealing,0.0
fastidiously,0.0
misbegotten,0.0
laughingstock,0.0
woebegone,0.0
splatter,0.0
sincerity,0.0
outstrip,0.0
unbearable,0.0
afraid,0.0
hegemonism,0.0
allergies,0.0
boastful,0.0
dissuasive,0.0
clash,0.0
harmful,0.0
alarmed,0.0
courageousness,0.0
discourage,0.0
refreshing,0.0
jubilation,0.0
appallingly,0.0
dent,0.0
nebulously,0.0
brashness,0.0
inane,0.0
sceptical,0.0
banalize,0.0
fear,0.0
feat,0.0
pleased,0.0
craziness,0.0
sinisterly,0.0
indignant,0.0
prosecute,0.0
sued,0.0
fabulous,0.0
harmed,0.0
dope,0.0
massacre,0.0
malaise,0.0
sues,0.0
ghetto,0.0
heretic,0.0
deceiver,0.0
affluent,0.0
disingenuously,0.0
compliment,0.0
futuristic,0.0
inventive,0.0
humiliation,0.0
expel,0.0
admonition,0.0
unfairly,0.0
confrontational,0.0
luminous,0.0
righteously,0.0
worryingly,0.0
invulnerable,0.0
frustrates,0.0
junky,0.0
superb,0.0
genius,0.0
scathingly,0.0
viper,0.0
crude,0.0
frustrated,0.0
complement,0.0
douchbag,0.0
joy,0.0
embarrassment,0.0
pugnacity,0.0
spoil,0.0
proficiently,0.0
stutters,0.0
swift,0.0
declining,0.0
profanity,0.0
valiantly,0.0
deter,0.0
clogged,0.0
safely,0.0
unconvincing,0.0
meticulous,0.0
unclear,0.0
narrower,0.0
respect,0.0
unclean,0.0
propitiously,0.0
decent,0.0
impetuously,0.0
bewildering,0.0
uproarous,0.0
divinely,0.0
tyrannical,0.0
f**k,0.0
butchery,0.0
meritorious,0.0
injustices,0.0
crappy,0.0
overture,0.0
dearth,0.0
unmoved,0.0
overturn,0.0
wily,0.0
fearful,0.0
irate,0.0
stunning,0.0
dead-cheap,0.0
wild,0.0
unworkable,0.0
disapprove,0.0
encouragement,0.0
draining,0.0
thug,0.0
whore,0.0
unfaithfully,0.0
maddening,0.0
adverse,0.0
unity,0.0
exuberance,0.0
merciful,0.0
privileged,0.0
disorient,0.0
last-ditch,0.0
prickles,0.0
slave,0.0
disagree,0.0
outcast,0.0
amicability,0.0
rumors,0.0
gutter,0.0
;       See the paper below:,0.0
sueing,0.0
catastrophically,0.0
excessive,0.0
back-woods,0.0
untested,0.0
happiness,0.0
mourn,0.0
temerity,0.0
disturbance,0.0
avidly,0.0
morbidly,0.0
indeterminable,0.0
attractive,0.0
earnestly,0.0
uncompromisingly,0.0
pampers,0.0
virulently,0.0
captivating,0.0
myth,0.0
frighteningly,0.0
suspiciously,0.0
idyllic,0.0
miraculousness,0.0
irrecoverableness,0.0
racists,0.0
incredibly,0.0
villian,0.0
helpful,0.0
loser,0.0
incendiary,0.0
tauntingly,0.0
wonders,0.0
razor-sharp,0.0
exceed,0.0
retractable,0.0
shabby,0.0
smoothly,0.0
scared,0.0
flagrant,0.0
illegally,0.0
blameworthy,0.0
lead,0.0
leak,0.0
breakthroughs,0.0
lean,0.0
thank,0.0
impolitely,0.0
headaches,0.0
rip-off,0.0
mania,0.0
murderer,0.0
sidetracked,0.0
slooow,0.0
slur,0.0
astounding,0.0
slut,0.0
asinine,0.0
slug,0.0
stereotypically,0.0
accessable,0.0
fatally,0.0
polished,0.0
argumentative,0.0
hotcake,0.0
loner,0.0
promise,0.0
lawful,0.0
negate,0.0
unproductive,0.0
ailment,0.0
agonizing,0.0
noxious,0.0
stymied,0.0
alienated,0.0
nourish,0.0
contradictory,0.0
assail,0.0
instructive,0.0
protesting,0.0
embolden,0.0
inconsequent,0.0
distract,0.0
windfall,0.0
bewail,0.0
eagerness,0.0
horrific,0.0
intimidating,0.0
inadequate,0.0
meaningless,0.0
gnawing,0.0
troublesomely,0.0
goodness,0.0
incredible,0.0
demonize,0.0
immobilized,0.0
boom,0.0
sick,0.0
cutthroat,0.0
long-time,0.0
hysteria,0.0
junk,0.0
betrays,0.0
nourishment,0.0
frustrate,0.0
squeak,0.0
squeal,0.0
extort,0.0
sass,0.0
affront,0.0
pugnaciously,0.0
